name,target,width,height,depth,extension,path,size,date
000.PNG,microsoft,1907,940,3,.PNG,VisualPhish/VisualPhish/newly_crawled_phishing/000.PNG,2159915,
001.PNG,microsoft,1891,930,3,.PNG,VisualPhish/VisualPhish/newly_crawled_phishing/001.PNG,2150210,
002.PNG,att,1886,934,3,.PNG,VisualPhish/VisualPhish/newly_crawled_phishing/002.PNG,36321,
003.PNG,facebook,1901,933,3,.PNG,VisualPhish/VisualPhish/newly_crawled_phishing/003.PNG,42582,
004.PNG,microsoft,1892,931,3,.PNG,VisualPhish/VisualPhish/newly_crawled_phishing/004.PNG,1412762,
005.PNG,microsoft,1891,929,3,.PNG,VisualPhish/VisualPhish/newly_crawled_phishing/005.PNG,1410667,
006.PNG,microsoft,1909,933,3,.PNG,VisualPhish/VisualPhish/newly_crawled_phishing/006.PNG,2304902,
007.PNG,amazon,1905,935,3,.PNG,VisualPhish/VisualPhish/newly_crawled_phishing/007.PNG,36087,
008.PNG,bnp_paribas,1903,935,3,.PNG,VisualPhish/VisualPhish/newly_crawled_phishing/008.PNG,127904,
009.PNG,ms_onedrive,1915,935,3,.PNG,VisualPhish/VisualPhish/newly_crawled_phishing/009.PNG,2028552,
010.PNG,amazon,1893,929,3,.PNG,VisualPhish/VisualPhish/newly_crawled_phishing/010.PNG,992801,
011.PNG,ms_onedrive,1912,936,3,.PNG,VisualPhish/VisualPhish/newly_crawled_phishing/011.PNG,2022982,
012.PNG,ms_office,1893,922,3,.PNG,VisualPhish/VisualPhish/newly_crawled_phishing/012.PNG,610299,
013.PNG,microsoft,1913,928,3,.PNG,VisualPhish/VisualPhish/newly_crawled_phishing/013.PNG,2172628,
014.PNG,bradesco,1920,931,3,.PNG,VisualPhish/VisualPhish/newly_crawled_phishing/014.PNG,836043,
015.PNG,amazon,1888,933,3,.PNG,VisualPhish/VisualPhish/newly_crawled_phishing/015.PNG,163414,
016.PNG,ebay,1913,935,3,.PNG,VisualPhish/VisualPhish/newly_crawled_phishing/016.PNG,161955,
017.PNG,grupo_bancolombia,1890,937,3,.PNG,VisualPhish/VisualPhish/newly_crawled_phishing/017.PNG,487459,
018.PNG,amazon,1899,933,3,.PNG,VisualPhish/VisualPhish/newly_crawled_phishing/018.PNG,2104241,
019.PNG,amazon,1896,940,3,.PNG,VisualPhish/VisualPhish/newly_crawled_phishing/019.PNG,1148781,
020.PNG,amazon,1889,940,3,.PNG,VisualPhish/VisualPhish/newly_crawled_phishing/020.PNG,2118742,
021.PNG,bt,1892,877,3,.PNG,VisualPhish/VisualPhish/newly_crawled_phishing/021.PNG,97482,
022.PNG,ms_bing,1907,932,3,.PNG,VisualPhish/VisualPhish/newly_crawled_phishing/022.PNG,3524371,
023.jpg,aruba,1024,812,3,.jpg,VisualPhish/VisualPhish/newly_crawled_phishing/023.jpg,52523,
024.jpg,aruba,1024,812,3,.jpg,VisualPhish/VisualPhish/newly_crawled_phishing/024.jpg,52523,
025.PNG,nab,1900,919,3,.PNG,VisualPhish/VisualPhish/newly_crawled_phishing/025.PNG,101047,
026.PNG,att,1891,934,3,.PNG,VisualPhish/VisualPhish/newly_crawled_phishing/026.PNG,39183,
027.PNG,microsoft,1908,927,3,.PNG,VisualPhish/VisualPhish/newly_crawled_phishing/027.PNG,2278900,
028.PNG,orange,1892,882,3,.PNG,VisualPhish/VisualPhish/newly_crawled_phishing/028.PNG,108095,
029.PNG,boa,1891,883,3,.PNG,VisualPhish/VisualPhish/newly_crawled_phishing/029.PNG,563889,
030.jpg,dhl,1082,1068,3,.jpg,VisualPhish/VisualPhish/newly_crawled_phishing/030.jpg,155786,
031.jpg,wells_fargo,1024,768,3,.jpg,VisualPhish/VisualPhish/newly_crawled_phishing/031.jpg,43785,
032.PNG,chase,1887,874,3,.PNG,VisualPhish/VisualPhish/newly_crawled_phishing/032.PNG,161247,
033.PNG,netflix,1883,875,3,.PNG,VisualPhish/VisualPhish/newly_crawled_phishing/033.PNG,2485820,
034.jpg,paypal,1024,768,3,.jpg,VisualPhish/VisualPhish/newly_crawled_phishing/034.jpg,25270,
035.PNG,twitter,1881,931,3,.PNG,VisualPhish/VisualPhish/newly_crawled_phishing/035.PNG,57878,
036.PNG,amazon,1885,881,3,.PNG,VisualPhish/VisualPhish/newly_crawled_phishing/036.PNG,41239,
037.PNG,amazon,1902,929,3,.PNG,VisualPhish/VisualPhish/newly_crawled_phishing/037.PNG,44356,
038.PNG,facebook,1888,934,3,.PNG,VisualPhish/VisualPhish/newly_crawled_phishing/038.PNG,37094,
039.PNG,chase,1883,939,3,.PNG,VisualPhish/VisualPhish/newly_crawled_phishing/039.PNG,3670146,
040.PNG,google,1916,931,3,.PNG,VisualPhish/VisualPhish/newly_crawled_phishing/040.PNG,60465,
041.PNG,bcp,1906,931,3,.PNG,VisualPhish/VisualPhish/newly_crawled_phishing/041.PNG,401305,
042.png,yahoo,1440,1085,3,.png,VisualPhish/VisualPhish/newly_crawled_phishing/042.png,762536,
043.png,alibaba,990,947,3,.png,VisualPhish/VisualPhish/newly_crawled_phishing/043.png,322381,
044.png,itau,975,381,3,.png,VisualPhish/VisualPhish/newly_crawled_phishing/044.png,173156,
045.png,chase,990,682,3,.png,VisualPhish/VisualPhish/newly_crawled_phishing/045.png,139095,
046.png,ms_outlook,959,613,3,.png,VisualPhish/VisualPhish/newly_crawled_phishing/046.png,274090,
047.png,caixa_bank,1282,1057,3,.png,VisualPhish/VisualPhish/newly_crawled_phishing/047.png,603502,
048.png,linkedin,975,590,3,.png,VisualPhish/VisualPhish/newly_crawled_phishing/048.png,814236,
049.jpg,wells_fargo,1024,768,3,.jpg,VisualPhish/VisualPhish/newly_crawled_phishing/049.jpg,43813,
050.jpg,dhl,1024,768,3,.jpg,VisualPhish/VisualPhish/newly_crawled_phishing/050.jpg,87002,
051.jpg,paypal,1024,768,3,.jpg,VisualPhish/VisualPhish/newly_crawled_phishing/051.jpg,52255,
052.png,paypal,980,947,3,.png,VisualPhish/VisualPhish/newly_crawled_phishing/052.png,73124,
053.jpg,paypal,1024,768,3,.jpg,VisualPhish/VisualPhish/newly_crawled_phishing/053.jpg,36749,
054.PNG,paypal,1895,938,3,.PNG,VisualPhish/VisualPhish/newly_crawled_phishing/054.PNG,29396,
055.PNG,runescape,1887,928,3,.PNG,VisualPhish/VisualPhish/newly_crawled_phishing/055.PNG,2581060,
056.PNG,grupo_bancolombia,1892,932,3,.PNG,VisualPhish/VisualPhish/newly_crawled_phishing/056.PNG,838073,
057.PNG,att,1891,889,3,.PNG,VisualPhish/VisualPhish/newly_crawled_phishing/057.PNG,35573,
058.PNG,amazon,1892,910,3,.PNG,VisualPhish/VisualPhish/newly_crawled_phishing/058.PNG,983432,
059.PNG,runescape,1891,933,3,.PNG,VisualPhish/VisualPhish/newly_crawled_phishing/059.PNG,2595948,
060.PNG,ms_outlook,1897,934,3,.PNG,VisualPhish/VisualPhish/newly_crawled_phishing/060.PNG,43881,
061.PNG,absa,1894,913,3,.PNG,VisualPhish/VisualPhish/newly_crawled_phishing/061.PNG,1080454,
062.PNG,absa,1896,919,3,.PNG,VisualPhish/VisualPhish/newly_crawled_phishing/062.PNG,1356145,
063.PNG,paypal,1909,937,3,.PNG,VisualPhish/VisualPhish/newly_crawled_phishing/063.PNG,24698,
064.PNG,paypal,1912,940,3,.PNG,VisualPhish/VisualPhish/newly_crawled_phishing/064.PNG,25157,
065.PNG,paypal,1904,933,3,.PNG,VisualPhish/VisualPhish/newly_crawled_phishing/065.PNG,24607,
066.PNG,paypal,1891,939,3,.PNG,VisualPhish/VisualPhish/newly_crawled_phishing/066.PNG,24557,
067.PNG,paypal,1916,938,3,.PNG,VisualPhish/VisualPhish/newly_crawled_phishing/067.PNG,24725,
068.PNG,itau,1904,928,3,.PNG,VisualPhish/VisualPhish/newly_crawled_phishing/068.PNG,1217380,
069.PNG,itau,1889,797,3,.PNG,VisualPhish/VisualPhish/newly_crawled_phishing/069.PNG,1141099,
070.PNG,suntrust,1887,936,3,.PNG,VisualPhish/VisualPhish/newly_crawled_phishing/070.PNG,1847928,
071.PNG,amazon,1886,852,3,.PNG,VisualPhish/VisualPhish/newly_crawled_phishing/071.PNG,1028270,
072.png,yahoo,1440,1085,3,.png,VisualPhish/VisualPhish/newly_crawled_phishing/072.png,762536,
073.PNG,microsoft,1897,929,3,.PNG,VisualPhish/VisualPhish/newly_crawled_phishing/073.PNG,2210507,
074.PNG,facebook,1886,912,3,.PNG,VisualPhish/VisualPhish/newly_crawled_phishing/074.PNG,45797,
075.PNG,ebay,1887,832,3,.PNG,VisualPhish/VisualPhish/newly_crawled_phishing/075.PNG,89518,
076.PNG,ebay,1874,926,3,.PNG,VisualPhish/VisualPhish/newly_crawled_phishing/076.PNG,119621,
077.PNG,irs,949,932,3,.PNG,VisualPhish/VisualPhish/newly_crawled_phishing/077.PNG,39433,
078.PNG,ebay,1883,929,3,.PNG,VisualPhish/VisualPhish/newly_crawled_phishing/078.PNG,35946,
079.PNG,facebook,1905,928,3,.PNG,VisualPhish/VisualPhish/newly_crawled_phishing/079.PNG,42641,
080.PNG,dropbox,1884,928,3,.PNG,VisualPhish/VisualPhish/newly_crawled_phishing/080.PNG,189915,
081.PNG,ms_onedrive,1904,926,3,.PNG,VisualPhish/VisualPhish/newly_crawled_phishing/081.PNG,1979908,
082.PNG,ms_outlook,1913,936,3,.PNG,VisualPhish/VisualPhish/newly_crawled_phishing/082.PNG,45729,
083.PNG,bt,1877,879,3,.PNG,VisualPhish/VisualPhish/newly_crawled_phishing/083.PNG,97090,
084.PNG,bt,1898,938,3,.PNG,VisualPhish/VisualPhish/newly_crawled_phishing/084.PNG,101066,
085.PNG,bt,1883,930,3,.PNG,VisualPhish/VisualPhish/newly_crawled_phishing/085.PNG,472811,
086.PNG,bt,1889,932,3,.PNG,VisualPhish/VisualPhish/newly_crawled_phishing/086.PNG,473011,
087.PNG,bradesco,1888,932,3,.PNG,VisualPhish/VisualPhish/newly_crawled_phishing/087.PNG,2435006,
088.PNG,yahoo,1908,937,3,.PNG,VisualPhish/VisualPhish/newly_crawled_phishing/088.PNG,421787,
089.PNG,microsoft,1911,937,3,.PNG,VisualPhish/VisualPhish/newly_crawled_phishing/089.PNG,2188542,
090.PNG,ms_office,1904,928,3,.PNG,VisualPhish/VisualPhish/newly_crawled_phishing/090.PNG,827500,
091.PNG,ms_office,1909,934,3,.PNG,VisualPhish/VisualPhish/newly_crawled_phishing/091.PNG,833319,
092.PNG,itau,1886,934,3,.PNG,VisualPhish/VisualPhish/newly_crawled_phishing/092.PNG,872333,
093.PNG,boa,1890,936,3,.PNG,VisualPhish/VisualPhish/newly_crawled_phishing/093.PNG,906427,
094.PNG,boa,1884,936,3,.PNG,VisualPhish/VisualPhish/newly_crawled_phishing/094.PNG,904240,
095.PNG,microsoft,1905,929,3,.PNG,VisualPhish/VisualPhish/newly_crawled_phishing/095.PNG,2353831,
096.PNG,att,1885,929,3,.PNG,VisualPhish/VisualPhish/newly_crawled_phishing/096.PNG,36334,
097.PNG,adidas,1884,928,3,.PNG,VisualPhish/VisualPhish/newly_crawled_phishing/097.PNG,1112851,
098.PNG,adidas,1889,930,3,.PNG,VisualPhish/VisualPhish/newly_crawled_phishing/098.PNG,1150749,
099.PNG,bcp,1891,934,3,.PNG,VisualPhish/VisualPhish/newly_crawled_phishing/099.PNG,408759,
100.PNG,att,1888,931,3,.PNG,VisualPhish/VisualPhish/newly_crawled_phishing/100.PNG,36321,
101.PNG,absa,1889,932,3,.PNG,VisualPhish/VisualPhish/newly_crawled_phishing/101.PNG,287978,
102.PNG,chase,1891,933,3,.PNG,VisualPhish/VisualPhish/newly_crawled_phishing/102.PNG,293362,
103.PNG,microsoft,1884,932,3,.PNG,VisualPhish/VisualPhish/newly_crawled_phishing/103.PNG,2053848,
104.jpg,amazon,1024,768,3,.jpg,VisualPhish/VisualPhish/newly_crawled_phishing/104.jpg,25572,
105.PNG,microsoft,1892,898,3,.PNG,VisualPhish/VisualPhish/newly_crawled_phishing/105.PNG,1168675,
106.PNG,amazon,1889,943,3,.PNG,VisualPhish/VisualPhish/newly_crawled_phishing/106.PNG,1020806,
107.jpg,amazon,1024,768,3,.jpg,VisualPhish/VisualPhish/newly_crawled_phishing/107.jpg,40149,
108.jpg,amazon,1024,768,3,.jpg,VisualPhish/VisualPhish/newly_crawled_phishing/108.jpg,40021,
109.jpg,amazon,1024,768,3,.jpg,VisualPhish/VisualPhish/newly_crawled_phishing/109.jpg,39774,
110.PNG,microsoft,1890,875,3,.PNG,VisualPhish/VisualPhish/newly_crawled_phishing/110.PNG,1919732,
111.PNG,amazon,1891,928,3,.PNG,VisualPhish/VisualPhish/newly_crawled_phishing/111.PNG,1002384,
112.PNG,microsoft,1911,932,3,.PNG,VisualPhish/VisualPhish/newly_crawled_phishing/112.PNG,2125883,
113.PNG,microsoft,1914,936,3,.PNG,VisualPhish/VisualPhish/newly_crawled_phishing/113.PNG,2223184,
114.PNG,chase,1894,912,3,.PNG,VisualPhish/VisualPhish/newly_crawled_phishing/114.PNG,759563,
115.PNG,capital_one,1880,936,3,.PNG,VisualPhish/VisualPhish/newly_crawled_phishing/115.PNG,67725,
116.PNG,ms_onedrive,1900,926,3,.PNG,VisualPhish/VisualPhish/newly_crawled_phishing/116.PNG,1229590,
117.PNG,orange,1888,934,3,.PNG,VisualPhish/VisualPhish/newly_crawled_phishing/117.PNG,112388,
118.PNG,ms_outlook,1907,935,3,.PNG,VisualPhish/VisualPhish/newly_crawled_phishing/118.PNG,90207,
119.PNG,ms_onedrive,1916,931,3,.PNG,VisualPhish/VisualPhish/newly_crawled_phishing/119.PNG,73694,
120.jpg,dhl,1024,768,3,.jpg,VisualPhish/VisualPhish/newly_crawled_phishing/120.jpg,87002,
121.jpg,boa,1024,768,3,.jpg,VisualPhish/VisualPhish/newly_crawled_phishing/121.jpg,49006,
122.png,chase,990,682,3,.png,VisualPhish/VisualPhish/newly_crawled_phishing/122.png,139095,
123.jpg,facebook,1024,917,3,.jpg,VisualPhish/VisualPhish/newly_crawled_phishing/123.jpg,67403,
124.png,usaa,1118,917,3,.png,VisualPhish/VisualPhish/newly_crawled_phishing/124.png,69848,
125.jpg,paypal,1024,768,3,.jpg,VisualPhish/VisualPhish/newly_crawled_phishing/125.jpg,36710,
126.png,facebook,1251,855,3,.png,VisualPhish/VisualPhish/newly_crawled_phishing/126.png,354316,
127.png,wells_fargo,995,548,3,.png,VisualPhish/VisualPhish/newly_crawled_phishing/127.png,50782,
128.png,google_drive,959,751,3,.png,VisualPhish/VisualPhish/newly_crawled_phishing/128.png,99774,
129.png,google_drive,959,832,3,.png,VisualPhish/VisualPhish/newly_crawled_phishing/129.png,77986,
130.png,hsbc,1040,625,3,.png,VisualPhish/VisualPhish/newly_crawled_phishing/130.png,29811,
131.png,hsbc,1041,826,3,.png,VisualPhish/VisualPhish/newly_crawled_phishing/131.png,47178,
132.png,facebook,1280,960,3,.png,VisualPhish/VisualPhish/newly_crawled_phishing/132.png,31939,
133.PNG,microsoft,1913,933,3,.PNG,VisualPhish/VisualPhish/newly_crawled_phishing/133.PNG,2580682,
134.PNG,dropbox,1905,931,3,.PNG,VisualPhish/VisualPhish/newly_crawled_phishing/134.PNG,1573230,
135.PNG,microsoft,1888,938,3,.PNG,VisualPhish/VisualPhish/newly_crawled_phishing/135.PNG,1239561,
136.PNG,boa,1890,936,3,.PNG,VisualPhish/VisualPhish/newly_crawled_phishing/136.PNG,1089623,
137.PNG,yahoo,1915,931,3,.PNG,VisualPhish/VisualPhish/newly_crawled_phishing/137.PNG,66233,
138.PNG,chase,1884,932,3,.PNG,VisualPhish/VisualPhish/newly_crawled_phishing/138.PNG,192786,
139.PNG,chase,1889,932,3,.PNG,VisualPhish/VisualPhish/newly_crawled_phishing/139.PNG,97320,
140.PNG,chase,1889,929,3,.PNG,VisualPhish/VisualPhish/newly_crawled_phishing/140.PNG,193043,
141.jpg,mdpd,1024,1210,3,.jpg,VisualPhish/VisualPhish/newly_crawled_phishing/141.jpg,85437,
142.PNG,typeform,1888,872,3,.PNG,VisualPhish/VisualPhish/newly_crawled_phishing/142.PNG,1210927,
143.PNG,adidas,1880,931,3,.PNG,VisualPhish/VisualPhish/newly_crawled_phishing/143.PNG,1377073,
144.PNG,ms_outlook,1907,936,3,.PNG,VisualPhish/VisualPhish/newly_crawled_phishing/144.PNG,44062,
145.PNG,orange,1883,933,3,.PNG,VisualPhish/VisualPhish/newly_crawled_phishing/145.PNG,177547,
146.PNG,paypal,1888,920,3,.PNG,VisualPhish/VisualPhish/newly_crawled_phishing/146.PNG,2051960,
147.jpg,amazon,1024,768,3,.jpg,VisualPhish/VisualPhish/newly_crawled_phishing/147.jpg,24935,
148.PNG,paypal,1874,876,3,.PNG,VisualPhish/VisualPhish/newly_crawled_phishing/148.PNG,29185,
149.PNG,ebay,1905,928,3,.PNG,VisualPhish/VisualPhish/newly_crawled_phishing/149.PNG,152831,
150.PNG,allegro,1895,936,3,.PNG,VisualPhish/VisualPhish/newly_crawled_phishing/150.PNG,248036,
151.PNG,paypal,1903,935,3,.PNG,VisualPhish/VisualPhish/newly_crawled_phishing/151.PNG,34252,
152.PNG,paypal,1907,936,3,.PNG,VisualPhish/VisualPhish/newly_crawled_phishing/152.PNG,38603,
153.PNG,paypal,1907,939,3,.PNG,VisualPhish/VisualPhish/newly_crawled_phishing/153.PNG,30369,
154.PNG,paypal,1892,931,3,.PNG,VisualPhish/VisualPhish/newly_crawled_phishing/154.PNG,32114,
155.PNG,microsoft,1879,925,3,.PNG,VisualPhish/VisualPhish/newly_crawled_phishing/155.PNG,1548509,
156.PNG,att,1889,928,3,.PNG,VisualPhish/VisualPhish/newly_crawled_phishing/156.PNG,38534,
157.PNG,att,1883,928,3,.PNG,VisualPhish/VisualPhish/newly_crawled_phishing/157.PNG,38446,
158.PNG,att,1893,928,3,.PNG,VisualPhish/VisualPhish/newly_crawled_phishing/158.PNG,35964,
159.PNG,paypal,1906,932,3,.PNG,VisualPhish/VisualPhish/newly_crawled_phishing/159.PNG,24945,
160.PNG,paypal,1908,938,3,.PNG,VisualPhish/VisualPhish/newly_crawled_phishing/160.PNG,25055,
161.PNG,paypal,1908,932,3,.PNG,VisualPhish/VisualPhish/newly_crawled_phishing/161.PNG,24946,
162.PNG,paypal,1912,937,3,.PNG,VisualPhish/VisualPhish/newly_crawled_phishing/162.PNG,25065,
163.PNG,paypal,1911,934,3,.PNG,VisualPhish/VisualPhish/newly_crawled_phishing/163.PNG,22788,
164.PNG,att,1889,908,3,.PNG,VisualPhish/VisualPhish/newly_crawled_phishing/164.PNG,1367945,
165.PNG,att,1877,935,3,.PNG,VisualPhish/VisualPhish/newly_crawled_phishing/165.PNG,401914,
166.PNG,wells_fargo,1891,934,3,.PNG,VisualPhish/VisualPhish/newly_crawled_phishing/166.PNG,1095163,
167.PNG,wells_fargo,1886,931,3,.PNG,VisualPhish/VisualPhish/newly_crawled_phishing/167.PNG,1211126,
168.PNG,wells_fargo,1882,933,3,.PNG,VisualPhish/VisualPhish/newly_crawled_phishing/168.PNG,1311804,
169.PNG,paypal,1912,934,3,.PNG,VisualPhish/VisualPhish/newly_crawled_phishing/169.PNG,25025,
170.PNG,paypal,1902,937,3,.PNG,VisualPhish/VisualPhish/newly_crawled_phishing/170.PNG,24940,
171.PNG,paypal,1912,938,3,.PNG,VisualPhish/VisualPhish/newly_crawled_phishing/171.PNG,25088,
172.PNG,bradesco,1888,935,3,.PNG,VisualPhish/VisualPhish/newly_crawled_phishing/172.PNG,203036,
173.PNG,paypal,1890,931,3,.PNG,VisualPhish/VisualPhish/newly_crawled_phishing/173.PNG,39219,
174.PNG,paypal,1893,934,3,.PNG,VisualPhish/VisualPhish/newly_crawled_phishing/174.PNG,39308,
175.PNG,paypal,1908,933,3,.PNG,VisualPhish/VisualPhish/newly_crawled_phishing/175.PNG,24956,
176.PNG,paypal,1911,933,3,.PNG,VisualPhish/VisualPhish/newly_crawled_phishing/176.PNG,25033,
177.PNG,adidas,1892,929,3,.PNG,VisualPhish/VisualPhish/newly_crawled_phishing/177.PNG,1063919,
178.PNG,american_express,1890,933,3,.PNG,VisualPhish/VisualPhish/newly_crawled_phishing/178.PNG,83635,
179.PNG,adidas,1882,928,3,.PNG,VisualPhish/VisualPhish/newly_crawled_phishing/179.PNG,1062902,
180.PNG,american_express,1887,932,3,.PNG,VisualPhish/VisualPhish/newly_crawled_phishing/180.PNG,94556,
181.PNG,american_express,1889,937,3,.PNG,VisualPhish/VisualPhish/newly_crawled_phishing/181.PNG,84241,
182.PNG,american_express,1891,932,3,.PNG,VisualPhish/VisualPhish/newly_crawled_phishing/182.PNG,75330,
183.PNG,american_express,1887,932,3,.PNG,VisualPhish/VisualPhish/newly_crawled_phishing/183.PNG,82837,
184.PNG,american_express,1893,931,3,.PNG,VisualPhish/VisualPhish/newly_crawled_phishing/184.PNG,846797,
185.jpg,mdpd,1024,1210,3,.jpg,VisualPhish/VisualPhish/newly_crawled_phishing/185.jpg,85476,
186.PNG,dropbox,1901,879,3,.PNG,VisualPhish/VisualPhish/newly_crawled_phishing/186.PNG,264073,
187.PNG,amazon,1866,871,3,.PNG,VisualPhish/VisualPhish/newly_crawled_phishing/187.PNG,71537,
188.PNG,paypal,1888,928,3,.PNG,VisualPhish/VisualPhish/newly_crawled_phishing/188.PNG,1257092,
189.PNG,paypal,1887,925,3,.PNG,VisualPhish/VisualPhish/newly_crawled_phishing/189.PNG,1251852,
190.PNG,paypal,1890,935,3,.PNG,VisualPhish/VisualPhish/newly_crawled_phishing/190.PNG,68867,
191.PNG,grupo_bancolombia,1885,934,3,.PNG,VisualPhish/VisualPhish/newly_crawled_phishing/191.PNG,440696,
192.PNG,microsoft,1907,938,3,.PNG,VisualPhish/VisualPhish/newly_crawled_phishing/192.PNG,2158266,
193.PNG,ms_outlook,1907,929,3,.PNG,VisualPhish/VisualPhish/newly_crawled_phishing/193.PNG,43500,
194.PNG,bt,1891,927,3,.PNG,VisualPhish/VisualPhish/newly_crawled_phishing/194.PNG,100672,
195.PNG,bt,1886,930,3,.PNG,VisualPhish/VisualPhish/newly_crawled_phishing/195.PNG,100593,
196.PNG,bt,1879,908,3,.PNG,VisualPhish/VisualPhish/newly_crawled_phishing/196.PNG,100140,
197.PNG,ms_onedrive,1891,934,3,.PNG,VisualPhish/VisualPhish/newly_crawled_phishing/197.PNG,119926,
198.jpg,ebay,1024,768,3,.jpg,VisualPhish/VisualPhish/newly_crawled_phishing/198.jpg,39253,
199.PNG,paypal,1906,938,3,.PNG,VisualPhish/VisualPhish/newly_crawled_phishing/199.PNG,22343,
200.PNG,paypal,1790,933,3,.PNG,VisualPhish/VisualPhish/newly_crawled_phishing/200.PNG,21846,
201.PNG,ms_outlook,1905,930,3,.PNG,VisualPhish/VisualPhish/newly_crawled_phishing/201.PNG,46883,
202.PNG,paypal,1849,887,3,.PNG,VisualPhish/VisualPhish/newly_crawled_phishing/202.PNG,21038,
203.PNG,paypal,1904,935,3,.PNG,VisualPhish/VisualPhish/newly_crawled_phishing/203.PNG,24578,
204.jpg,paypal,1024,768,3,.jpg,VisualPhish/VisualPhish/newly_crawled_phishing/204.jpg,26644,
205.PNG,ebay,1878,872,3,.PNG,VisualPhish/VisualPhish/newly_crawled_phishing/205.PNG,70103,
206.PNG,ebay,1892,910,3,.PNG,VisualPhish/VisualPhish/newly_crawled_phishing/206.PNG,41717,
207.PNG,ebay,1906,930,3,.PNG,VisualPhish/VisualPhish/newly_crawled_phishing/207.PNG,102968,
208.PNG,adidas,1885,925,3,.PNG,VisualPhish/VisualPhish/newly_crawled_phishing/208.PNG,2389272,
209.PNG,ebay,1897,937,3,.PNG,VisualPhish/VisualPhish/newly_crawled_phishing/209.PNG,157431,
210.PNG,paypal,1906,934,3,.PNG,VisualPhish/VisualPhish/newly_crawled_phishing/210.PNG,27829,
211.PNG,paypal,1818,922,3,.PNG,VisualPhish/VisualPhish/newly_crawled_phishing/211.PNG,21699,
212.PNG,paypal,1520,930,3,.PNG,VisualPhish/VisualPhish/newly_crawled_phishing/212.PNG,20755,
213.PNG,paypal,1760,937,3,.PNG,VisualPhish/VisualPhish/newly_crawled_phishing/213.PNG,21749,
214.PNG,paypal,1618,937,3,.PNG,VisualPhish/VisualPhish/newly_crawled_phishing/214.PNG,20909,
215.PNG,paypal,1894,934,3,.PNG,VisualPhish/VisualPhish/newly_crawled_phishing/215.PNG,23496,
216.PNG,bcp,1889,936,3,.PNG,VisualPhish/VisualPhish/newly_crawled_phishing/216.PNG,413124,
217.PNG,paypal,1901,933,3,.PNG,VisualPhish/VisualPhish/newly_crawled_phishing/217.PNG,21748,
218.PNG,paypal,1884,929,3,.PNG,VisualPhish/VisualPhish/newly_crawled_phishing/218.PNG,1255377,
219.PNG,paypal,1915,935,3,.PNG,VisualPhish/VisualPhish/newly_crawled_phishing/219.PNG,22814,
220.PNG,paypal,1908,935,3,.PNG,VisualPhish/VisualPhish/newly_crawled_phishing/220.PNG,22714,
221.PNG,american_express,1882,939,3,.PNG,VisualPhish/VisualPhish/newly_crawled_phishing/221.PNG,79988,
222.PNG,paypal,1913,934,3,.PNG,VisualPhish/VisualPhish/newly_crawled_phishing/222.PNG,25035,
223.PNG,paypal,1909,928,3,.PNG,VisualPhish/VisualPhish/newly_crawled_phishing/223.PNG,24896,
224.PNG,paypal,1909,940,3,.PNG,VisualPhish/VisualPhish/newly_crawled_phishing/224.PNG,25079,
225.PNG,paypal,1887,877,3,.PNG,VisualPhish/VisualPhish/newly_crawled_phishing/225.PNG,21155,
226.PNG,facebook,1914,936,3,.PNG,VisualPhish/VisualPhish/newly_crawled_phishing/226.PNG,40230,
227.jpg,facebook,1024,768,3,.jpg,VisualPhish/VisualPhish/newly_crawled_phishing/227.jpg,31331,
228.jpg,facebook,1024,768,3,.jpg,VisualPhish/VisualPhish/newly_crawled_phishing/228.jpg,33542,
229.PNG,facebook,1909,879,3,.PNG,VisualPhish/VisualPhish/newly_crawled_phishing/229.PNG,35972,
230.PNG,capital_one,1888,937,3,.PNG,VisualPhish/VisualPhish/newly_crawled_phishing/230.PNG,208882,
231.PNG,capital_one,1875,935,3,.PNG,VisualPhish/VisualPhish/newly_crawled_phishing/231.PNG,98142,
232.PNG,la_banque_postale,1893,938,3,.PNG,VisualPhish/VisualPhish/newly_crawled_phishing/232.PNG,560796,
233.PNG,la_banque_postale,1891,934,3,.PNG,VisualPhish/VisualPhish/newly_crawled_phishing/233.PNG,562097,
234.PNG,ebay,1882,933,3,.PNG,VisualPhish/VisualPhish/newly_crawled_phishing/234.PNG,344254,
235.PNG,ebay,1887,934,3,.PNG,VisualPhish/VisualPhish/newly_crawled_phishing/235.PNG,344333,
236.PNG,google,1906,934,3,.PNG,VisualPhish/VisualPhish/newly_crawled_phishing/236.PNG,59190,
237.PNG,google,1894,936,3,.PNG,VisualPhish/VisualPhish/newly_crawled_phishing/237.PNG,59079,
238.PNG,microsoft,1915,935,3,.PNG,VisualPhish/VisualPhish/newly_crawled_phishing/238.PNG,2240052,
239.PNG,american_express,1880,926,3,.PNG,VisualPhish/VisualPhish/newly_crawled_phishing/239.PNG,456944,
240.PNG,american_express,1887,931,3,.PNG,VisualPhish/VisualPhish/newly_crawled_phishing/240.PNG,457518,
241.PNG,american_express,1889,932,3,.PNG,VisualPhish/VisualPhish/newly_crawled_phishing/241.PNG,461748,
242.PNG,american_express,1885,931,3,.PNG,VisualPhish/VisualPhish/newly_crawled_phishing/242.PNG,855466,
243.PNG,american_express,1889,933,3,.PNG,VisualPhish/VisualPhish/newly_crawled_phishing/243.PNG,235453,
244.PNG,american_express,1885,934,3,.PNG,VisualPhish/VisualPhish/newly_crawled_phishing/244.PNG,460666,
245.PNG,american_express,1889,934,3,.PNG,VisualPhish/VisualPhish/newly_crawled_phishing/245.PNG,463136,
246.PNG,american_express,1861,935,3,.PNG,VisualPhish/VisualPhish/newly_crawled_phishing/246.PNG,464256,
247.PNG,american_express,1875,934,3,.PNG,VisualPhish/VisualPhish/newly_crawled_phishing/247.PNG,463190,
248.PNG,american_express,1884,933,3,.PNG,VisualPhish/VisualPhish/newly_crawled_phishing/248.PNG,460171,
249.PNG,american_express,1884,936,3,.PNG,VisualPhish/VisualPhish/newly_crawled_phishing/249.PNG,463191,
250.PNG,american_express,1885,931,3,.PNG,VisualPhish/VisualPhish/newly_crawled_phishing/250.PNG,458524,
251.PNG,american_express,1887,932,3,.PNG,VisualPhish/VisualPhish/newly_crawled_phishing/251.PNG,460100,
252.PNG,american_express,1885,934,3,.PNG,VisualPhish/VisualPhish/newly_crawled_phishing/252.PNG,460148,
253.PNG,american_express,1882,932,3,.PNG,VisualPhish/VisualPhish/newly_crawled_phishing/253.PNG,458526,
254.PNG,american_express,1891,936,3,.PNG,VisualPhish/VisualPhish/newly_crawled_phishing/254.PNG,462822,
255.PNG,american_express,1848,936,3,.PNG,VisualPhish/VisualPhish/newly_crawled_phishing/255.PNG,463094,
256.PNG,microsoft,1914,929,3,.PNG,VisualPhish/VisualPhish/newly_crawled_phishing/256.PNG,2205789,
257.PNG,american_express,1895,938,3,.PNG,VisualPhish/VisualPhish/newly_crawled_phishing/257.PNG,464335,
258.PNG,american_express,1703,932,3,.PNG,VisualPhish/VisualPhish/newly_crawled_phishing/258.PNG,458977,
259.PNG,american_express,1882,933,3,.PNG,VisualPhish/VisualPhish/newly_crawled_phishing/259.PNG,461962,
260.PNG,facebook,1881,928,3,.PNG,VisualPhish/VisualPhish/newly_crawled_phishing/260.PNG,36992,
261.PNG,amazon,1859,935,3,.PNG,VisualPhish/VisualPhish/newly_crawled_phishing/261.PNG,44273,
262.PNG,american_express,1882,938,3,.PNG,VisualPhish/VisualPhish/newly_crawled_phishing/262.PNG,235417,
263.PNG,american_express,1890,933,3,.PNG,VisualPhish/VisualPhish/newly_crawled_phishing/263.PNG,78368,
264.PNG,american_express,1877,932,3,.PNG,VisualPhish/VisualPhish/newly_crawled_phishing/264.PNG,94545,
265.PNG,american_express,1884,931,3,.PNG,VisualPhish/VisualPhish/newly_crawled_phishing/265.PNG,846644,
266.PNG,american_express,1916,931,3,.PNG,VisualPhish/VisualPhish/newly_crawled_phishing/266.PNG,236373,
267.PNG,american_express,1884,937,3,.PNG,VisualPhish/VisualPhish/newly_crawled_phishing/267.PNG,79954,
268.PNG,american_express,1884,926,3,.PNG,VisualPhish/VisualPhish/newly_crawled_phishing/268.PNG,75341,
269.PNG,american_express,1681,935,3,.PNG,VisualPhish/VisualPhish/newly_crawled_phishing/269.PNG,79368,
270.PNG,american_express,1837,932,3,.PNG,VisualPhish/VisualPhish/newly_crawled_phishing/270.PNG,186782,
271.PNG,chase,1886,930,3,.PNG,VisualPhish/VisualPhish/newly_crawled_phishing/271.PNG,255412,
272.PNG,facebook,1908,929,3,.PNG,VisualPhish/VisualPhish/newly_crawled_phishing/272.PNG,48474,
273.PNG,runescape,1910,905,3,.PNG,VisualPhish/VisualPhish/newly_crawled_phishing/273.PNG,3168408,
274.PNG,paypal,1878,932,3,.PNG,VisualPhish/VisualPhish/newly_crawled_phishing/274.PNG,855068,
275.jpg,boa,1024,1598,3,.jpg,VisualPhish/VisualPhish/newly_crawled_phishing/275.jpg,75035,
276.PNG,dropbox,1892,872,3,.PNG,VisualPhish/VisualPhish/newly_crawled_phishing/276.PNG,632169,
277.PNG,impots_gov,1905,936,3,.PNG,VisualPhish/VisualPhish/newly_crawled_phishing/277.PNG,55762,
278.PNG,microsoft,1916,936,3,.PNG,VisualPhish/VisualPhish/newly_crawled_phishing/278.PNG,2460923,
279.PNG,microsoft,1917,933,3,.PNG,VisualPhish/VisualPhish/newly_crawled_phishing/279.PNG,2453919,
280.PNG,microsoft,1918,934,3,.PNG,VisualPhish/VisualPhish/newly_crawled_phishing/280.PNG,2452177,
281.PNG,microsoft,1733,926,3,.PNG,VisualPhish/VisualPhish/newly_crawled_phishing/281.PNG,2201274,
282.PNG,chase,1916,937,3,.PNG,VisualPhish/VisualPhish/newly_crawled_phishing/282.PNG,48092,
283.PNG,chase,1891,938,3,.PNG,VisualPhish/VisualPhish/newly_crawled_phishing/283.PNG,174053,
284.jpg,chase,1046,768,3,.jpg,VisualPhish/VisualPhish/newly_crawled_phishing/284.jpg,43858,
285.PNG,microsoft,1916,934,3,.PNG,VisualPhish/VisualPhish/newly_crawled_phishing/285.PNG,2458078,
286.PNG,microsoft,1913,935,3,.PNG,VisualPhish/VisualPhish/newly_crawled_phishing/286.PNG,2454575,
287.PNG,microsoft,1918,936,3,.PNG,VisualPhish/VisualPhish/newly_crawled_phishing/287.PNG,2462325,
288.PNG,microsoft,1917,937,3,.PNG,VisualPhish/VisualPhish/newly_crawled_phishing/288.PNG,2463414,
289.PNG,adidas,1889,936,3,.PNG,VisualPhish/VisualPhish/newly_crawled_phishing/289.PNG,2389365,
290.PNG,chase,1887,933,3,.PNG,VisualPhish/VisualPhish/newly_crawled_phishing/290.PNG,193937,
291.PNG,chase,1893,933,3,.PNG,VisualPhish/VisualPhish/newly_crawled_phishing/291.PNG,194094,
292.PNG,paypal,1905,932,3,.PNG,VisualPhish/VisualPhish/newly_crawled_phishing/292.PNG,22966,
293.PNG,la_banque_postale,1892,932,3,.PNG,VisualPhish/VisualPhish/newly_crawled_phishing/293.PNG,562045,
294.PNG,american_express,1889,937,3,.PNG,VisualPhish/VisualPhish/newly_crawled_phishing/294.PNG,80405,
295.PNG,chase,1892,919,3,.PNG,VisualPhish/VisualPhish/newly_crawled_phishing/295.PNG,3218893,
296.PNG,american_express,1894,938,3,.PNG,VisualPhish/VisualPhish/newly_crawled_phishing/296.PNG,241868,
297.PNG,american_express,1888,938,3,.PNG,VisualPhish/VisualPhish/newly_crawled_phishing/297.PNG,80457,
298.PNG,instagram,1892,931,3,.PNG,VisualPhish/VisualPhish/newly_crawled_phishing/298.PNG,678303,
299.PNG,amazon,1894,938,3,.PNG,VisualPhish/VisualPhish/newly_crawled_phishing/299.PNG,1021540,
300.PNG,microsoft,1908,937,3,.PNG,VisualPhish/VisualPhish/newly_crawled_phishing/300.PNG,2451768,
301.PNG,amazon,1890,934,3,.PNG,VisualPhish/VisualPhish/newly_crawled_phishing/301.PNG,1010844,
302.PNG,paypal,1915,909,3,.PNG,VisualPhish/VisualPhish/newly_crawled_phishing/302.PNG,20502,
303.PNG,american_express,1884,936,3,.PNG,VisualPhish/VisualPhish/newly_crawled_phishing/303.PNG,84504,
304.PNG,american_express,1889,937,3,.PNG,VisualPhish/VisualPhish/newly_crawled_phishing/304.PNG,125980,
305.PNG,paypal,1909,935,3,.PNG,VisualPhish/VisualPhish/newly_crawled_phishing/305.PNG,24726,
306.PNG,bankia,1889,936,3,.PNG,VisualPhish/VisualPhish/newly_crawled_phishing/306.PNG,1678721,
307.PNG,allegro,1887,924,3,.PNG,VisualPhish/VisualPhish/newly_crawled_phishing/307.PNG,242789,
308.PNG,paypal,1854,929,3,.PNG,VisualPhish/VisualPhish/newly_crawled_phishing/308.PNG,1482806,
309.PNG,ms_onedrive,1885,935,3,.PNG,VisualPhish/VisualPhish/newly_crawled_phishing/309.PNG,123396,
310.PNG,allegro,1891,936,3,.PNG,VisualPhish/VisualPhish/newly_crawled_phishing/310.PNG,247002,
311.PNG,paypal,1883,932,3,.PNG,VisualPhish/VisualPhish/newly_crawled_phishing/311.PNG,857391,
312.PNG,amazon,1893,933,3,.PNG,VisualPhish/VisualPhish/newly_crawled_phishing/312.PNG,1262182,
313.PNG,amazon,1892,935,3,.PNG,VisualPhish/VisualPhish/newly_crawled_phishing/313.PNG,1207198,
314.PNG,aruba,1889,933,3,.PNG,VisualPhish/VisualPhish/newly_crawled_phishing/314.PNG,677183,
315.PNG,aruba,1889,931,3,.PNG,VisualPhish/VisualPhish/newly_crawled_phishing/315.PNG,1657204,
316.PNG,aruba,1883,926,3,.PNG,VisualPhish/VisualPhish/newly_crawled_phishing/316.PNG,718819,
317.PNG,paypal,1908,935,3,.PNG,VisualPhish/VisualPhish/newly_crawled_phishing/317.PNG,22997,
318.PNG,wells_fargo,1888,935,3,.PNG,VisualPhish/VisualPhish/newly_crawled_phishing/318.PNG,781027,
319.PNG,paypal,1879,931,3,.PNG,VisualPhish/VisualPhish/newly_crawled_phishing/319.PNG,68668,
320.PNG,microsoft,1908,933,3,.PNG,VisualPhish/VisualPhish/newly_crawled_phishing/320.PNG,2254526,
321.PNG,microsoft,1916,934,3,.PNG,VisualPhish/VisualPhish/newly_crawled_phishing/321.PNG,2264106,
322.PNG,bt,1889,936,3,.PNG,VisualPhish/VisualPhish/newly_crawled_phishing/322.PNG,100709,
323.PNG,orange,1885,933,3,.PNG,VisualPhish/VisualPhish/newly_crawled_phishing/323.PNG,164046,
324.PNG,orange,1894,937,3,.PNG,VisualPhish/VisualPhish/newly_crawled_phishing/324.PNG,164243,
325.PNG,orange,1885,931,3,.PNG,VisualPhish/VisualPhish/newly_crawled_phishing/325.PNG,202032,
326.PNG,dkb,1888,937,3,.PNG,VisualPhish/VisualPhish/newly_crawled_phishing/326.PNG,191120,
327.PNG,dkb,1880,931,3,.PNG,VisualPhish/VisualPhish/newly_crawled_phishing/327.PNG,184971,
328.PNG,dkb,1887,933,3,.PNG,VisualPhish/VisualPhish/newly_crawled_phishing/328.PNG,190450,
329.PNG,lloyds_bank,1881,935,3,.PNG,VisualPhish/VisualPhish/newly_crawled_phishing/329.PNG,233226,
330.PNG,microsoft,1908,931,3,.PNG,VisualPhish/VisualPhish/newly_crawled_phishing/330.PNG,2405502,
331.PNG,nedbank,1891,930,3,.PNG,VisualPhish/VisualPhish/newly_crawled_phishing/331.PNG,99923,
332.PNG,lloyds_bank,1893,930,3,.PNG,VisualPhish/VisualPhish/newly_crawled_phishing/332.PNG,233065,
333.PNG,runescape,1915,931,3,.PNG,VisualPhish/VisualPhish/newly_crawled_phishing/333.PNG,3256666,
334.PNG,chase,1888,932,3,.PNG,VisualPhish/VisualPhish/newly_crawled_phishing/334.PNG,3261602,
335.PNG,chase,1892,933,3,.PNG,VisualPhish/VisualPhish/newly_crawled_phishing/335.PNG,3271368,
336.PNG,paypal,1905,933,3,.PNG,VisualPhish/VisualPhish/newly_crawled_phishing/336.PNG,29476,
337.PNG,wells_fargo,1889,942,3,.PNG,VisualPhish/VisualPhish/newly_crawled_phishing/337.PNG,105205,
338.PNG,paypal,1891,931,3,.PNG,VisualPhish/VisualPhish/newly_crawled_phishing/338.PNG,1084826,
339.PNG,alibaba,1895,938,3,.PNG,VisualPhish/VisualPhish/newly_crawled_phishing/339.PNG,1552006,
340.PNG,orange,1889,932,3,.PNG,VisualPhish/VisualPhish/newly_crawled_phishing/340.PNG,101837,
341.PNG,alibaba,1894,936,3,.PNG,VisualPhish/VisualPhish/newly_crawled_phishing/341.PNG,1551148,
342.PNG,orange,1892,936,3,.PNG,VisualPhish/VisualPhish/newly_crawled_phishing/342.PNG,35873,
343.PNG,orange,1893,936,3,.PNG,VisualPhish/VisualPhish/newly_crawled_phishing/343.PNG,164218,
344.PNG,orange,1893,934,3,.PNG,VisualPhish/VisualPhish/newly_crawled_phishing/344.PNG,236897,
345.PNG,orange,1893,934,3,.PNG,VisualPhish/VisualPhish/newly_crawled_phishing/345.PNG,101917,
346.PNG,orange,1887,943,3,.PNG,VisualPhish/VisualPhish/newly_crawled_phishing/346.PNG,117007,
347.PNG,orange,1881,931,3,.PNG,VisualPhish/VisualPhish/newly_crawled_phishing/347.PNG,356992,
348.PNG,orange,1897,935,3,.PNG,VisualPhish/VisualPhish/newly_crawled_phishing/348.PNG,138506,
349.PNG,orange,1912,935,3,.PNG,VisualPhish/VisualPhish/newly_crawled_phishing/349.PNG,237042,
350.PNG,steam,1888,933,3,.PNG,VisualPhish/VisualPhish/newly_crawled_phishing/350.PNG,105797,
351.PNG,netflix,1888,941,3,.PNG,VisualPhish/VisualPhish/newly_crawled_phishing/351.PNG,721668,
352.PNG,amazon,1894,934,3,.PNG,VisualPhish/VisualPhish/newly_crawled_phishing/352.PNG,1021679,
353.PNG,amazon,1893,929,3,.PNG,VisualPhish/VisualPhish/newly_crawled_phishing/353.PNG,1009437,
354.PNG,steam,1890,932,3,.PNG,VisualPhish/VisualPhish/newly_crawled_phishing/354.PNG,105757,
355.PNG,ms_office,1910,933,3,.PNG,VisualPhish/VisualPhish/newly_crawled_phishing/355.PNG,795263,
356.PNG,ms_office,1912,932,3,.PNG,VisualPhish/VisualPhish/newly_crawled_phishing/356.PNG,795604,
357.PNG,ms_outlook,1902,931,3,.PNG,VisualPhish/VisualPhish/newly_crawled_phishing/357.PNG,116373,
358.PNG,microsoft,1907,939,3,.PNG,VisualPhish/VisualPhish/newly_crawled_phishing/358.PNG,2156839,
359.PNG,microsoft,1906,935,3,.PNG,VisualPhish/VisualPhish/newly_crawled_phishing/359.PNG,2144390,
360.PNG,allegro,1879,929,3,.PNG,VisualPhish/VisualPhish/newly_crawled_phishing/360.PNG,244487,
361.PNG,paypal,1857,936,3,.PNG,VisualPhish/VisualPhish/newly_crawled_phishing/361.PNG,68623,
362.PNG,paypal,1820,922,3,.PNG,VisualPhish/VisualPhish/newly_crawled_phishing/362.PNG,68456,
363.PNG,paypal,1845,922,3,.PNG,VisualPhish/VisualPhish/newly_crawled_phishing/363.PNG,68624,
364.PNG,microsoft,1909,922,3,.PNG,VisualPhish/VisualPhish/newly_crawled_phishing/364.PNG,2175912,
365.PNG,ebay,1890,921,3,.PNG,VisualPhish/VisualPhish/newly_crawled_phishing/365.PNG,47014,
366.PNG,paypal,1871,931,3,.PNG,VisualPhish/VisualPhish/newly_crawled_phishing/366.PNG,68176,
367.PNG,amazon,1893,937,3,.PNG,VisualPhish/VisualPhish/newly_crawled_phishing/367.PNG,1495365,
368.PNG,facebook,1908,915,3,.PNG,VisualPhish/VisualPhish/newly_crawled_phishing/368.PNG,29289,
369.PNG,facebook,1908,921,3,.PNG,VisualPhish/VisualPhish/newly_crawled_phishing/369.PNG,29323,
370.PNG,paypal,1898,933,3,.PNG,VisualPhish/VisualPhish/newly_crawled_phishing/370.PNG,24484,
371.PNG,ebay,1886,891,3,.PNG,VisualPhish/VisualPhish/newly_crawled_phishing/371.PNG,34944,
372.PNG,microsoft,1914,931,3,.PNG,VisualPhish/VisualPhish/newly_crawled_phishing/372.PNG,2142373,
373.PNG,ebay,1879,883,3,.PNG,VisualPhish/VisualPhish/newly_crawled_phishing/373.PNG,34780,
374.PNG,ebay,1872,879,3,.PNG,VisualPhish/VisualPhish/newly_crawled_phishing/374.PNG,35262,
375.PNG,barclaycard,1885,927,3,.PNG,VisualPhish/VisualPhish/newly_crawled_phishing/375.PNG,71244,
376.PNG,ebay,1861,890,3,.PNG,VisualPhish/VisualPhish/newly_crawled_phishing/376.PNG,35574,
377.PNG,paypal,1893,924,3,.PNG,VisualPhish/VisualPhish/newly_crawled_phishing/377.PNG,24323,
378.PNG,ebay,1888,932,3,.PNG,VisualPhish/VisualPhish/newly_crawled_phishing/378.PNG,77465,
379.PNG,ebay,1879,922,3,.PNG,VisualPhish/VisualPhish/newly_crawled_phishing/379.PNG,77184,
380.PNG,ebay,1878,934,3,.PNG,VisualPhish/VisualPhish/newly_crawled_phishing/380.PNG,37021,
381.PNG,ebay,1873,923,3,.PNG,VisualPhish/VisualPhish/newly_crawled_phishing/381.PNG,36806,
382.PNG,ebay,1879,933,3,.PNG,VisualPhish/VisualPhish/newly_crawled_phishing/382.PNG,37022,
383.PNG,ebay,1877,929,3,.PNG,VisualPhish/VisualPhish/newly_crawled_phishing/383.PNG,83605,
384.PNG,paypal,1882,925,3,.PNG,VisualPhish/VisualPhish/newly_crawled_phishing/384.PNG,1813093,
385.PNG,paypal,1852,920,3,.PNG,VisualPhish/VisualPhish/newly_crawled_phishing/385.PNG,68700,
386.PNG,paypal,1840,893,3,.PNG,VisualPhish/VisualPhish/newly_crawled_phishing/386.PNG,23537,
387.PNG,paypal,1755,911,3,.PNG,VisualPhish/VisualPhish/newly_crawled_phishing/387.PNG,67780,
388.PNG,paypal,1726,911,3,.PNG,VisualPhish/VisualPhish/newly_crawled_phishing/388.PNG,21228,
389.PNG,ms_office,1893,922,3,.PNG,VisualPhish/VisualPhish/newly_crawled_phishing/389.PNG,779205,
390.PNG,ms_office,1898,928,3,.PNG,VisualPhish/VisualPhish/newly_crawled_phishing/390.PNG,786735,
391.PNG,itau,1883,939,3,.PNG,VisualPhish/VisualPhish/newly_crawled_phishing/391.PNG,431430,
392.PNG,ebay,1882,883,3,.PNG,VisualPhish/VisualPhish/newly_crawled_phishing/392.PNG,33747,
393.PNG,paypal,1763,924,3,.PNG,VisualPhish/VisualPhish/newly_crawled_phishing/393.PNG,67988,
394.PNG,paypal,1649,918,3,.PNG,VisualPhish/VisualPhish/newly_crawled_phishing/394.PNG,21077,
395.PNG,paypal,1823,926,3,.PNG,VisualPhish/VisualPhish/newly_crawled_phishing/395.PNG,68447,
396.PNG,paypal,1823,924,3,.PNG,VisualPhish/VisualPhish/newly_crawled_phishing/396.PNG,68340,
397.PNG,paypal,1875,923,3,.PNG,VisualPhish/VisualPhish/newly_crawled_phishing/397.PNG,67714,
398.PNG,paypal,1909,934,3,.PNG,VisualPhish/VisualPhish/newly_crawled_phishing/398.PNG,24919,
399.PNG,paypal,1902,936,3,.PNG,VisualPhish/VisualPhish/newly_crawled_phishing/399.PNG,24934,
400.PNG,paypal,1896,930,3,.PNG,VisualPhish/VisualPhish/newly_crawled_phishing/400.PNG,24735,
401.PNG,paypal,1893,929,3,.PNG,VisualPhish/VisualPhish/newly_crawled_phishing/401.PNG,24716,
402.PNG,ms_outlook,1907,868,3,.PNG,VisualPhish/VisualPhish/newly_crawled_phishing/402.PNG,42523,
403.PNG,apple,1890,930,3,.PNG,VisualPhish/VisualPhish/newly_crawled_phishing/403.PNG,2094643,
404.PNG,ms_outlook,1909,931,3,.PNG,VisualPhish/VisualPhish/newly_crawled_phishing/404.PNG,43417,
405.PNG,ms_outlook,1910,930,3,.PNG,VisualPhish/VisualPhish/newly_crawled_phishing/405.PNG,43390,
406.PNG,ms_outlook,1911,932,3,.PNG,VisualPhish/VisualPhish/newly_crawled_phishing/406.PNG,43474,
407.PNG,absa,1892,918,3,.PNG,VisualPhish/VisualPhish/newly_crawled_phishing/407.PNG,1483877,
408.PNG,microsoft,1888,935,3,.PNG,VisualPhish/VisualPhish/newly_crawled_phishing/408.PNG,1238005,
409.PNG,paypal,1899,932,3,.PNG,VisualPhish/VisualPhish/newly_crawled_phishing/409.PNG,39149,
410.PNG,att,1888,934,3,.PNG,VisualPhish/VisualPhish/newly_crawled_phishing/410.PNG,36528,
411.PNG,att,1889,933,3,.PNG,VisualPhish/VisualPhish/newly_crawled_phishing/411.PNG,36523,
412.PNG,grupo_bancolombia,1886,932,3,.PNG,VisualPhish/VisualPhish/newly_crawled_phishing/412.PNG,604639,
413.PNG,att,1887,934,3,.PNG,VisualPhish/VisualPhish/newly_crawled_phishing/413.PNG,36168,
414.PNG,ebay,1884,888,3,.PNG,VisualPhish/VisualPhish/newly_crawled_phishing/414.PNG,40494,
415.PNG,ebay,1883,895,3,.PNG,VisualPhish/VisualPhish/newly_crawled_phishing/415.PNG,37140,
416.PNG,ebay,1871,882,3,.PNG,VisualPhish/VisualPhish/newly_crawled_phishing/416.PNG,40264,
417.PNG,chase,1887,932,3,.PNG,VisualPhish/VisualPhish/newly_crawled_phishing/417.PNG,2045873,
418.PNG,chase,1887,937,3,.PNG,VisualPhish/VisualPhish/newly_crawled_phishing/418.PNG,2046302,
419.PNG,chase,1887,933,3,.PNG,VisualPhish/VisualPhish/newly_crawled_phishing/419.PNG,2046528,
420.PNG,chase,1886,933,3,.PNG,VisualPhish/VisualPhish/newly_crawled_phishing/420.PNG,2045182,
421.PNG,ms_onedrive,1860,937,3,.PNG,VisualPhish/VisualPhish/newly_crawled_phishing/421.PNG,1738061,
422.PNG,grupo_bancolombia,1884,934,3,.PNG,VisualPhish/VisualPhish/newly_crawled_phishing/422.PNG,1168928,
423.PNG,paypal,1840,929,3,.PNG,VisualPhish/VisualPhish/newly_crawled_phishing/423.PNG,68323,
424.PNG,nedbank,1883,908,3,.PNG,VisualPhish/VisualPhish/newly_crawled_phishing/424.PNG,98880,
425.PNG,att,1888,934,3,.PNG,VisualPhish/VisualPhish/newly_crawled_phishing/425.PNG,2309249,
426.PNG,ms_onedrive,1906,930,3,.PNG,VisualPhish/VisualPhish/newly_crawled_phishing/426.PNG,179810,
427.PNG,boa,1889,928,3,.PNG,VisualPhish/VisualPhish/newly_crawled_phishing/427.PNG,897355,
428.PNG,boa,1889,934,3,.PNG,VisualPhish/VisualPhish/newly_crawled_phishing/428.PNG,902086,
429.PNG,boa,1855,935,3,.PNG,VisualPhish/VisualPhish/newly_crawled_phishing/429.PNG,117162,
430.PNG,boa,1885,930,3,.PNG,VisualPhish/VisualPhish/newly_crawled_phishing/430.PNG,62342,
431.PNG,chase,1887,932,3,.PNG,VisualPhish/VisualPhish/newly_crawled_phishing/431.PNG,832087,
432.PNG,boa,1886,935,3,.PNG,VisualPhish/VisualPhish/newly_crawled_phishing/432.PNG,906302,
433.PNG,boa,1882,935,3,.PNG,VisualPhish/VisualPhish/newly_crawled_phishing/433.PNG,908514,
434.PNG,dhl,1889,932,3,.PNG,VisualPhish/VisualPhish/newly_crawled_phishing/434.PNG,891110,
435.PNG,wells_fargo,1882,936,3,.PNG,VisualPhish/VisualPhish/newly_crawled_phishing/435.PNG,1387936,
436.jpg,aruba,1024,812,3,.jpg,VisualPhish/VisualPhish/newly_crawled_phishing/436.jpg,52895,
437.PNG,aruba,1895,885,3,.PNG,VisualPhish/VisualPhish/newly_crawled_phishing/437.PNG,63632,
438.PNG,wells_fargo,1893,928,3,.PNG,VisualPhish/VisualPhish/newly_crawled_phishing/438.PNG,266292,
439.PNG,boa,1887,933,3,.PNG,VisualPhish/VisualPhish/newly_crawled_phishing/439.PNG,906265,
440.PNG,netflix,1888,929,3,.PNG,VisualPhish/VisualPhish/newly_crawled_phishing/440.PNG,2933623,
441.PNG,la_poste,1893,932,3,.PNG,VisualPhish/VisualPhish/newly_crawled_phishing/441.PNG,122555,
442.PNG,aruba,1892,931,3,.PNG,VisualPhish/VisualPhish/newly_crawled_phishing/442.PNG,64134,
443.jpg,aruba,1024,812,3,.jpg,VisualPhish/VisualPhish/newly_crawled_phishing/443.jpg,52895,
444.PNG,aruba,1908,931,3,.PNG,VisualPhish/VisualPhish/newly_crawled_phishing/444.PNG,59019,
445.PNG,aruba,1913,930,3,.PNG,VisualPhish/VisualPhish/newly_crawled_phishing/445.PNG,59470,
446.PNG,boa,1907,928,3,.PNG,VisualPhish/VisualPhish/newly_crawled_phishing/446.PNG,57657,
447.PNG,amazon,1878,932,3,.PNG,VisualPhish/VisualPhish/newly_crawled_phishing/447.PNG,35722,
448.PNG,orange,1881,932,3,.PNG,VisualPhish/VisualPhish/newly_crawled_phishing/448.PNG,192659,
449.PNG,orange,1894,936,3,.PNG,VisualPhish/VisualPhish/newly_crawled_phishing/449.PNG,127768,
450.PNG,orange,1896,933,3,.PNG,VisualPhish/VisualPhish/newly_crawled_phishing/450.PNG,209678,
451.PNG,orange,1884,936,3,.PNG,VisualPhish/VisualPhish/newly_crawled_phishing/451.PNG,164103,
452.PNG,american_express,1882,934,3,.PNG,VisualPhish/VisualPhish/newly_crawled_phishing/452.PNG,84391,
453.PNG,american_express,1883,936,3,.PNG,VisualPhish/VisualPhish/newly_crawled_phishing/453.PNG,85019,
454.PNG,american_express,1882,911,3,.PNG,VisualPhish/VisualPhish/newly_crawled_phishing/454.PNG,80049,
455.PNG,american_express,1889,940,3,.PNG,VisualPhish/VisualPhish/newly_crawled_phishing/455.PNG,84430,
456.PNG,paypal,1845,931,3,.PNG,VisualPhish/VisualPhish/newly_crawled_phishing/456.PNG,68707,
457.PNG,wells_fargo,1882,928,3,.PNG,VisualPhish/VisualPhish/newly_crawled_phishing/457.PNG,1543962,
458.PNG,bcp,1897,934,3,.PNG,VisualPhish/VisualPhish/newly_crawled_phishing/458.PNG,453202,
459.PNG,facebook,1907,932,3,.PNG,VisualPhish/VisualPhish/newly_crawled_phishing/459.PNG,111989,
460.PNG,aruba,1892,937,3,.PNG,VisualPhish/VisualPhish/newly_crawled_phishing/460.PNG,53978,
461.PNG,aruba,1893,934,3,.PNG,VisualPhish/VisualPhish/newly_crawled_phishing/461.PNG,54515,
462.PNG,itau,1909,937,3,.PNG,VisualPhish/VisualPhish/newly_crawled_phishing/462.PNG,1095156,
463.PNG,itau,1913,932,3,.PNG,VisualPhish/VisualPhish/newly_crawled_phishing/463.PNG,1091750,
464.PNG,itau,1915,932,3,.PNG,VisualPhish/VisualPhish/newly_crawled_phishing/464.PNG,1092438,
465.PNG,grupo_bancolombia,1885,936,3,.PNG,VisualPhish/VisualPhish/newly_crawled_phishing/465.PNG,440324,
466.PNG,facebook,1887,933,3,.PNG,VisualPhish/VisualPhish/newly_crawled_phishing/466.PNG,55284,
467.PNG,facebook,1889,930,3,.PNG,VisualPhish/VisualPhish/newly_crawled_phishing/467.PNG,55222,
468.PNG,microsoft,1918,932,3,.PNG,VisualPhish/VisualPhish/newly_crawled_phishing/468.PNG,2258745,
469.PNG,allegro,1878,935,3,.PNG,VisualPhish/VisualPhish/newly_crawled_phishing/469.PNG,61512,
470.PNG,allegro,1884,933,3,.PNG,VisualPhish/VisualPhish/newly_crawled_phishing/470.PNG,61524,
471.PNG,paypal,1898,920,3,.PNG,VisualPhish/VisualPhish/newly_crawled_phishing/471.PNG,107872,
472.PNG,paypal,1896,923,3,.PNG,VisualPhish/VisualPhish/newly_crawled_phishing/472.PNG,107272,
473.PNG,paypal,1888,931,3,.PNG,VisualPhish/VisualPhish/newly_crawled_phishing/473.PNG,22009,
474.PNG,ms_outlook,1909,927,3,.PNG,VisualPhish/VisualPhish/newly_crawled_phishing/474.PNG,47218,
475.PNG,grupo_bancolombia,1890,933,3,.PNG,VisualPhish/VisualPhish/newly_crawled_phishing/475.PNG,340420,
476.PNG,paypal,1911,932,3,.PNG,VisualPhish/VisualPhish/newly_crawled_phishing/476.PNG,27910,
477.PNG,bt,1884,927,3,.PNG,VisualPhish/VisualPhish/newly_crawled_phishing/477.PNG,69947,
478.PNG,paypal,1892,932,3,.PNG,VisualPhish/VisualPhish/newly_crawled_phishing/478.PNG,21902,
479.PNG,paypal,1884,929,3,.PNG,VisualPhish/VisualPhish/newly_crawled_phishing/479.PNG,1254761,
480.PNG,paypal,1900,930,3,.PNG,VisualPhish/VisualPhish/newly_crawled_phishing/480.PNG,33615,
481.PNG,paypal,1900,932,3,.PNG,VisualPhish/VisualPhish/newly_crawled_phishing/481.PNG,33686,
482.PNG,paypal,1884,931,3,.PNG,VisualPhish/VisualPhish/newly_crawled_phishing/482.PNG,32847,
483.PNG,paypal,1895,923,3,.PNG,VisualPhish/VisualPhish/newly_crawled_phishing/483.PNG,33588,
484.PNG,paypal,1900,929,3,.PNG,VisualPhish/VisualPhish/newly_crawled_phishing/484.PNG,33606,
485.PNG,paypal,1892,935,3,.PNG,VisualPhish/VisualPhish/newly_crawled_phishing/485.PNG,29972,
486.PNG,itau,1911,935,3,.PNG,VisualPhish/VisualPhish/newly_crawled_phishing/486.PNG,1873893,
487.PNG,itau,1913,935,3,.PNG,VisualPhish/VisualPhish/newly_crawled_phishing/487.PNG,1880851,
488.PNG,itau,1890,935,3,.PNG,VisualPhish/VisualPhish/newly_crawled_phishing/488.PNG,431224,
489.PNG,itau,1884,932,3,.PNG,VisualPhish/VisualPhish/newly_crawled_phishing/489.PNG,1303460,
490.PNG,paypal,1890,934,3,.PNG,VisualPhish/VisualPhish/newly_crawled_phishing/490.PNG,29965,
491.PNG,paypal,1892,935,3,.PNG,VisualPhish/VisualPhish/newly_crawled_phishing/491.PNG,29890,
492.PNG,paypal,1890,936,3,.PNG,VisualPhish/VisualPhish/newly_crawled_phishing/492.PNG,29989,
493.PNG,netflix,1887,934,3,.PNG,VisualPhish/VisualPhish/newly_crawled_phishing/493.PNG,3135090,
494.PNG,grupo_bancolombia,1883,935,3,.PNG,VisualPhish/VisualPhish/newly_crawled_phishing/494.PNG,487240,
495.PNG,grupo_bancolombia,1875,934,3,.PNG,VisualPhish/VisualPhish/newly_crawled_phishing/495.PNG,340379,
496.PNG,strato,1888,912,3,.PNG,VisualPhish/VisualPhish/newly_crawled_phishing/496.PNG,76814,
497.jpg,itau,1024,859,3,.jpg,VisualPhish/VisualPhish/newly_crawled_phishing/497.jpg,143437,
498.PNG,grupo_bancolombia,1883,936,3,.PNG,VisualPhish/VisualPhish/newly_crawled_phishing/498.PNG,487142,
499.PNG,netflix,1889,933,3,.PNG,VisualPhish/VisualPhish/newly_crawled_phishing/499.PNG,2708169,
500.PNG,allegro,1886,932,3,.PNG,VisualPhish/VisualPhish/newly_crawled_phishing/500.PNG,61696,
501.PNG,allegro,1893,933,3,.PNG,VisualPhish/VisualPhish/newly_crawled_phishing/501.PNG,61724,
502.PNG,allegro,1890,934,3,.PNG,VisualPhish/VisualPhish/newly_crawled_phishing/502.PNG,61753,
503.PNG,allegro,1885,935,3,.PNG,VisualPhish/VisualPhish/newly_crawled_phishing/503.PNG,61709,
504.PNG,allegro,1881,934,3,.PNG,VisualPhish/VisualPhish/newly_crawled_phishing/504.PNG,61709,
505.PNG,allegro,1877,933,3,.PNG,VisualPhish/VisualPhish/newly_crawled_phishing/505.PNG,61607,
506.PNG,allegro,1882,934,3,.PNG,VisualPhish/VisualPhish/newly_crawled_phishing/506.PNG,61588,
507.PNG,allegro,1880,928,3,.PNG,VisualPhish/VisualPhish/newly_crawled_phishing/507.PNG,61396,
508.PNG,grupo_bancolombia,1891,935,3,.PNG,VisualPhish/VisualPhish/newly_crawled_phishing/508.PNG,451009,
509.PNG,grupo_bancolombia,1867,930,3,.PNG,VisualPhish/VisualPhish/newly_crawled_phishing/509.PNG,450913,
510.PNG,bcp,1891,932,3,.PNG,VisualPhish/VisualPhish/newly_crawled_phishing/510.PNG,405554,
511.PNG,allegro,1901,932,3,.PNG,VisualPhish/VisualPhish/newly_crawled_phishing/511.PNG,141990,
512.PNG,paypal,1889,934,3,.PNG,VisualPhish/VisualPhish/newly_crawled_phishing/512.PNG,554404,
513.PNG,allegro,1891,935,3,.PNG,VisualPhish/VisualPhish/newly_crawled_phishing/513.PNG,61795,
514.PNG,allegro,1892,937,3,.PNG,VisualPhish/VisualPhish/newly_crawled_phishing/514.PNG,61816,
515.PNG,allegro,1887,934,3,.PNG,VisualPhish/VisualPhish/newly_crawled_phishing/515.PNG,61624,
516.PNG,allegro,1881,935,3,.PNG,VisualPhish/VisualPhish/newly_crawled_phishing/516.PNG,61654,
517.PNG,bt,1885,932,3,.PNG,VisualPhish/VisualPhish/newly_crawled_phishing/517.PNG,100486,
518.PNG,bt,1884,933,3,.PNG,VisualPhish/VisualPhish/newly_crawled_phishing/518.PNG,100589,
519.PNG,bt,1878,933,3,.PNG,VisualPhish/VisualPhish/newly_crawled_phishing/519.PNG,50023,
520.PNG,bt,1891,934,3,.PNG,VisualPhish/VisualPhish/newly_crawled_phishing/520.PNG,55231,
521.PNG,bt,1882,929,3,.PNG,VisualPhish/VisualPhish/newly_crawled_phishing/521.PNG,100535,
522.PNG,bt,1885,930,3,.PNG,VisualPhish/VisualPhish/newly_crawled_phishing/522.PNG,50128,
523.PNG,ms_outlook,1903,926,3,.PNG,VisualPhish/VisualPhish/newly_crawled_phishing/523.PNG,88012,
524.PNG,microsoft,1915,939,3,.PNG,VisualPhish/VisualPhish/newly_crawled_phishing/524.PNG,2195215,
525.PNG,microsoft,1915,930,3,.PNG,VisualPhish/VisualPhish/newly_crawled_phishing/525.PNG,2177996,
526.PNG,wells_fargo,1886,930,3,.PNG,VisualPhish/VisualPhish/newly_crawled_phishing/526.PNG,1528841,
527.PNG,wells_fargo,1892,932,3,.PNG,VisualPhish/VisualPhish/newly_crawled_phishing/527.PNG,1529693,
528.PNG,wells_fargo,1886,930,3,.PNG,VisualPhish/VisualPhish/newly_crawled_phishing/528.PNG,1281833,
529.PNG,ms_office,1903,936,3,.PNG,VisualPhish/VisualPhish/newly_crawled_phishing/529.PNG,803618,
530.PNG,aruba,1892,934,3,.PNG,VisualPhish/VisualPhish/newly_crawled_phishing/530.PNG,181950,
531.PNG,adobe,1915,914,3,.PNG,VisualPhish/VisualPhish/newly_crawled_phishing/531.PNG,485598,
532.PNG,microsoft,1887,932,3,.PNG,VisualPhish/VisualPhish/newly_crawled_phishing/532.PNG,2019605,
533.PNG,ms_onedrive,1905,930,3,.PNG,VisualPhish/VisualPhish/newly_crawled_phishing/533.PNG,1997677,
534.PNG,wells_fargo,1886,907,3,.PNG,VisualPhish/VisualPhish/newly_crawled_phishing/534.PNG,1021838,
535.PNG,facebook,1906,931,3,.PNG,VisualPhish/VisualPhish/newly_crawled_phishing/535.PNG,45827,
536.PNG,paypal,1888,930,3,.PNG,VisualPhish/VisualPhish/newly_crawled_phishing/536.PNG,862743,
537.PNG,alibaba,1887,934,3,.PNG,VisualPhish/VisualPhish/newly_crawled_phishing/537.PNG,544348,
538.PNG,boa,1893,931,3,.PNG,VisualPhish/VisualPhish/newly_crawled_phishing/538.PNG,899794,
539.PNG,boa,1893,932,3,.PNG,VisualPhish/VisualPhish/newly_crawled_phishing/539.PNG,902061,
540.PNG,boa,1883,933,3,.PNG,VisualPhish/VisualPhish/newly_crawled_phishing/540.PNG,906231,
541.PNG,boa,1884,932,3,.PNG,VisualPhish/VisualPhish/newly_crawled_phishing/541.PNG,897417,
542.PNG,boa,1889,934,3,.PNG,VisualPhish/VisualPhish/newly_crawled_phishing/542.PNG,906352,
543.PNG,boa,1889,932,3,.PNG,VisualPhish/VisualPhish/newly_crawled_phishing/543.PNG,899744,
544.PNG,american_express,1886,934,3,.PNG,VisualPhish/VisualPhish/newly_crawled_phishing/544.PNG,448109,
545.PNG,boa,1892,932,3,.PNG,VisualPhish/VisualPhish/newly_crawled_phishing/545.PNG,904171,
546.PNG,boa,1888,932,3,.PNG,VisualPhish/VisualPhish/newly_crawled_phishing/546.PNG,899748,
547.PNG,boa,1889,936,3,.PNG,VisualPhish/VisualPhish/newly_crawled_phishing/547.PNG,908666,
548.PNG,boa,1885,935,3,.PNG,VisualPhish/VisualPhish/newly_crawled_phishing/548.PNG,904208,
549.PNG,boa,1890,931,3,.PNG,VisualPhish/VisualPhish/newly_crawled_phishing/549.PNG,899722,
550.PNG,boa,1889,935,3,.PNG,VisualPhish/VisualPhish/newly_crawled_phishing/550.PNG,906354,
551.PNG,boa,1889,934,3,.PNG,VisualPhish/VisualPhish/newly_crawled_phishing/551.PNG,906329,
552.PNG,boa,1886,932,3,.PNG,VisualPhish/VisualPhish/newly_crawled_phishing/552.PNG,899700,
553.PNG,boa,1887,932,3,.PNG,VisualPhish/VisualPhish/newly_crawled_phishing/553.PNG,901942,
554.PNG,yahoo,1910,932,3,.PNG,VisualPhish/VisualPhish/newly_crawled_phishing/554.PNG,135047,
555.PNG,paypal,1892,933,3,.PNG,VisualPhish/VisualPhish/newly_crawled_phishing/555.PNG,22790,
556.PNG,chase,1910,911,3,.PNG,VisualPhish/VisualPhish/newly_crawled_phishing/556.PNG,2446746,
557.PNG,chase,1909,911,3,.PNG,VisualPhish/VisualPhish/newly_crawled_phishing/557.PNG,2386057,
558.PNG,chase,1909,933,3,.PNG,VisualPhish/VisualPhish/newly_crawled_phishing/558.PNG,3672428,
559.PNG,ms_onedrive,1911,935,3,.PNG,VisualPhish/VisualPhish/newly_crawled_phishing/559.PNG,2019850,
560.PNG,wells_fargo,1892,938,3,.PNG,VisualPhish/VisualPhish/newly_crawled_phishing/560.PNG,1529660,
561.PNG,wells_fargo,1914,933,3,.PNG,VisualPhish/VisualPhish/newly_crawled_phishing/561.PNG,69182,
562.PNG,cibc,1889,926,3,.PNG,VisualPhish/VisualPhish/newly_crawled_phishing/562.PNG,83740,
563.PNG,cibc,1888,931,3,.PNG,VisualPhish/VisualPhish/newly_crawled_phishing/563.PNG,48513,
564.PNG,ms_onedrive,1907,930,3,.PNG,VisualPhish/VisualPhish/newly_crawled_phishing/564.PNG,1999851,
565.PNG,ms_office,1889,932,3,.PNG,VisualPhish/VisualPhish/newly_crawled_phishing/565.PNG,2628932,
566.PNG,microsoft,1914,934,3,.PNG,VisualPhish/VisualPhish/newly_crawled_phishing/566.PNG,1918833,
567.PNG,ms_onedrive,1912,933,3,.PNG,VisualPhish/VisualPhish/newly_crawled_phishing/567.PNG,2018579,
568.PNG,ms_onedrive,1906,930,3,.PNG,VisualPhish/VisualPhish/newly_crawled_phishing/568.PNG,1996752,
569.PNG,dhl,1909,931,3,.PNG,VisualPhish/VisualPhish/newly_crawled_phishing/569.PNG,265319,
570.PNG,bcp,1895,931,3,.PNG,VisualPhish/VisualPhish/newly_crawled_phishing/570.PNG,401708,
571.PNG,boa,1888,934,3,.PNG,VisualPhish/VisualPhish/newly_crawled_phishing/571.PNG,555647,
572.PNG,boa,1887,932,3,.PNG,VisualPhish/VisualPhish/newly_crawled_phishing/572.PNG,51804,
573.PNG,boa,1887,931,3,.PNG,VisualPhish/VisualPhish/newly_crawled_phishing/573.PNG,63164,
574.PNG,boa,1896,935,3,.PNG,VisualPhish/VisualPhish/newly_crawled_phishing/574.PNG,83227,
575.PNG,boa,1897,934,3,.PNG,VisualPhish/VisualPhish/newly_crawled_phishing/575.PNG,83240,
576.PNG,netflix,1885,930,3,.PNG,VisualPhish/VisualPhish/newly_crawled_phishing/576.PNG,3979233,
577.PNG,netflix,1886,928,3,.PNG,VisualPhish/VisualPhish/newly_crawled_phishing/577.PNG,3971345,
578.PNG,ms_onedrive,1908,935,3,.PNG,VisualPhish/VisualPhish/newly_crawled_phishing/578.PNG,2012854,
579.PNG,ms_onedrive,1902,934,3,.PNG,VisualPhish/VisualPhish/newly_crawled_phishing/579.PNG,2001986,
580.PNG,wells_fargo,1888,929,3,.PNG,VisualPhish/VisualPhish/newly_crawled_phishing/580.PNG,697124,
581.PNG,wells_fargo,1883,930,3,.PNG,VisualPhish/VisualPhish/newly_crawled_phishing/581.PNG,697155,
582.PNG,wells_fargo,1887,935,3,.PNG,VisualPhish/VisualPhish/newly_crawled_phishing/582.PNG,697209,
583.PNG,boa,1894,935,3,.PNG,VisualPhish/VisualPhish/newly_crawled_phishing/583.PNG,906465,
584.PNG,boa,1889,934,3,.PNG,VisualPhish/VisualPhish/newly_crawled_phishing/584.PNG,904197,
585.PNG,boa,1891,936,3,.PNG,VisualPhish/VisualPhish/newly_crawled_phishing/585.PNG,908664,
586.PNG,boa,1889,933,3,.PNG,VisualPhish/VisualPhish/newly_crawled_phishing/586.PNG,902000,
587.PNG,boa,1887,935,3,.PNG,VisualPhish/VisualPhish/newly_crawled_phishing/587.PNG,906336,
588.PNG,boa,1883,932,3,.PNG,VisualPhish/VisualPhish/newly_crawled_phishing/588.PNG,904056,
589.PNG,apple,1890,851,3,.PNG,VisualPhish/VisualPhish/newly_crawled_phishing/589.PNG,2040477,
590.PNG,alibaba,1889,932,3,.PNG,VisualPhish/VisualPhish/newly_crawled_phishing/590.PNG,1475524,
591.PNG,chase,1911,935,3,.PNG,VisualPhish/VisualPhish/newly_crawled_phishing/591.PNG,225763,
592.PNG,chase,1901,929,3,.PNG,VisualPhish/VisualPhish/newly_crawled_phishing/592.PNG,225714,
593.PNG,chase,1904,930,3,.PNG,VisualPhish/VisualPhish/newly_crawled_phishing/593.PNG,225761,
594.PNG,chase,1891,927,3,.PNG,VisualPhish/VisualPhish/newly_crawled_phishing/594.PNG,60832,
595.PNG,gov_uk,1889,927,3,.PNG,VisualPhish/VisualPhish/newly_crawled_phishing/595.PNG,65918,
596.PNG,allegro,1890,930,3,.PNG,VisualPhish/VisualPhish/newly_crawled_phishing/596.PNG,61448,
597.PNG,facebook,1910,933,3,.PNG,VisualPhish/VisualPhish/newly_crawled_phishing/597.PNG,36267,
598.PNG,dhl,1906,928,3,.PNG,VisualPhish/VisualPhish/newly_crawled_phishing/598.PNG,250026,
599.PNG,paypal,1862,927,3,.PNG,VisualPhish/VisualPhish/newly_crawled_phishing/599.PNG,68117,
600.PNG,ms_outlook,1892,929,3,.PNG,VisualPhish/VisualPhish/newly_crawled_phishing/600.PNG,81318,
601.PNG,allegro,1888,928,3,.PNG,VisualPhish/VisualPhish/newly_crawled_phishing/601.PNG,60950,
602.PNG,gov_uk,1884,930,3,.PNG,VisualPhish/VisualPhish/newly_crawled_phishing/602.PNG,65907,
603.PNG,boa,1889,851,3,.PNG,VisualPhish/VisualPhish/newly_crawled_phishing/603.PNG,459704,
604.PNG,ms_onedrive,1903,933,3,.PNG,VisualPhish/VisualPhish/newly_crawled_phishing/604.PNG,1999602,
605.PNG,paypal,1882,904,3,.PNG,VisualPhish/VisualPhish/newly_crawled_phishing/605.PNG,33925,
606.PNG,microsoft,1911,932,3,.PNG,VisualPhish/VisualPhish/newly_crawled_phishing/606.PNG,2307012,
607.PNG,yahoo,1906,896,3,.PNG,VisualPhish/VisualPhish/newly_crawled_phishing/607.PNG,37688,
608.PNG,microsoft,1910,931,3,.PNG,VisualPhish/VisualPhish/newly_crawled_phishing/608.PNG,2228455,
609.PNG,bradesco,1914,929,3,.PNG,VisualPhish/VisualPhish/newly_crawled_phishing/609.PNG,179347,
610.PNG,bradesco,1905,923,3,.PNG,VisualPhish/VisualPhish/newly_crawled_phishing/610.PNG,179132,
611.PNG,amazon,1885,933,3,.PNG,VisualPhish/VisualPhish/newly_crawled_phishing/611.PNG,1254557,
612.PNG,paypal,1874,923,3,.PNG,VisualPhish/VisualPhish/newly_crawled_phishing/612.PNG,22853,
613.PNG,barclays,1915,935,3,.PNG,VisualPhish/VisualPhish/newly_crawled_phishing/613.PNG,69815,
614.PNG,apple,1880,931,3,.PNG,VisualPhish/VisualPhish/newly_crawled_phishing/614.PNG,660615,
615.PNG,netflix,1890,936,3,.PNG,VisualPhish/VisualPhish/newly_crawled_phishing/615.PNG,2721596,
616.PNG,suntrust,1885,923,3,.PNG,VisualPhish/VisualPhish/newly_crawled_phishing/616.PNG,174873,
617.PNG,microsoft,1907,928,3,.PNG,VisualPhish/VisualPhish/newly_crawled_phishing/617.PNG,2355667,
618.PNG,microsoft,1919,930,3,.PNG,VisualPhish/VisualPhish/newly_crawled_phishing/618.PNG,2130427,
619.PNG,microsoft,1913,932,3,.PNG,VisualPhish/VisualPhish/newly_crawled_phishing/619.PNG,2184304,
620.PNG,bt,1884,931,3,.PNG,VisualPhish/VisualPhish/newly_crawled_phishing/620.PNG,69412,
621.PNG,ebay,1905,932,3,.PNG,VisualPhish/VisualPhish/newly_crawled_phishing/621.PNG,603982,
622.PNG,alibaba,1895,898,3,.PNG,VisualPhish/VisualPhish/newly_crawled_phishing/622.PNG,1559666,
623.PNG,strato,1907,932,3,.PNG,VisualPhish/VisualPhish/newly_crawled_phishing/623.PNG,37399,
624.PNG,aruba,1889,939,3,.PNG,VisualPhish/VisualPhish/newly_crawled_phishing/624.PNG,64212,
625.PNG,aruba,1893,931,3,.PNG,VisualPhish/VisualPhish/newly_crawled_phishing/625.PNG,64120,
626.PNG,american_express,1890,934,3,.PNG,VisualPhish/VisualPhish/newly_crawled_phishing/626.PNG,450439,
627.PNG,orange,1891,929,3,.PNG,VisualPhish/VisualPhish/newly_crawled_phishing/627.PNG,112673,
628.PNG,orange,1890,931,3,.PNG,VisualPhish/VisualPhish/newly_crawled_phishing/628.PNG,113011,
629.PNG,orange,1903,930,3,.PNG,VisualPhish/VisualPhish/newly_crawled_phishing/629.PNG,236167,
630.PNG,orange,1903,923,3,.PNG,VisualPhish/VisualPhish/newly_crawled_phishing/630.PNG,236391,
631.PNG,orange,1902,931,3,.PNG,VisualPhish/VisualPhish/newly_crawled_phishing/631.PNG,236144,
632.PNG,orange,1888,929,3,.PNG,VisualPhish/VisualPhish/newly_crawled_phishing/632.PNG,113045,
633.PNG,dhl,1910,893,3,.PNG,VisualPhish/VisualPhish/newly_crawled_phishing/633.PNG,333526,
634.PNG,orange,1886,931,3,.PNG,VisualPhish/VisualPhish/newly_crawled_phishing/634.PNG,106578,
635.PNG,microsoft,1915,924,3,.PNG,VisualPhish/VisualPhish/newly_crawled_phishing/635.PNG,2361681,
636.PNG,netflix,1894,934,3,.PNG,VisualPhish/VisualPhish/newly_crawled_phishing/636.PNG,2721013,
637.PNG,microsoft,1920,895,3,.PNG,VisualPhish/VisualPhish/newly_crawled_phishing/637.PNG,2121475,
638.PNG,microsoft,1917,932,3,.PNG,VisualPhish/VisualPhish/newly_crawled_phishing/638.PNG,2214084,
639.PNG,microsoft,1919,941,3,.PNG,VisualPhish/VisualPhish/newly_crawled_phishing/639.PNG,2236092,
640.PNG,microsoft,1916,937,3,.PNG,VisualPhish/VisualPhish/newly_crawled_phishing/640.PNG,2227885,
641.PNG,microsoft,1913,937,3,.PNG,VisualPhish/VisualPhish/newly_crawled_phishing/641.PNG,2219645,
642.PNG,microsoft,1917,933,3,.PNG,VisualPhish/VisualPhish/newly_crawled_phishing/642.PNG,2217920,
643.PNG,dhl,1910,933,3,.PNG,VisualPhish/VisualPhish/newly_crawled_phishing/643.PNG,337917,
644.PNG,dhl,1911,934,3,.PNG,VisualPhish/VisualPhish/newly_crawled_phishing/644.PNG,335579,
645.PNG,microsoft,1913,936,3,.PNG,VisualPhish/VisualPhish/newly_crawled_phishing/645.PNG,2224208,
646.PNG,microsoft,1918,935,3,.PNG,VisualPhish/VisualPhish/newly_crawled_phishing/646.PNG,2226039,
647.PNG,microsoft,1919,932,3,.PNG,VisualPhish/VisualPhish/newly_crawled_phishing/647.PNG,2216518,
648.PNG,microsoft,1914,931,3,.PNG,VisualPhish/VisualPhish/newly_crawled_phishing/648.PNG,2207871,
649.PNG,facebook,1880,931,3,.PNG,VisualPhish/VisualPhish/newly_crawled_phishing/649.PNG,191888,
650.PNG,google,1911,932,3,.PNG,VisualPhish/VisualPhish/newly_crawled_phishing/650.PNG,33555,
651.PNG,hsbc,1905,936,3,.PNG,VisualPhish/VisualPhish/newly_crawled_phishing/651.PNG,1620368,
652.PNG,ms_onedrive,1914,938,3,.PNG,VisualPhish/VisualPhish/newly_crawled_phishing/652.PNG,2034221,
653.PNG,ms_onedrive,1914,935,3,.PNG,VisualPhish/VisualPhish/newly_crawled_phishing/653.PNG,2025047,
654.PNG,paypal,1912,937,3,.PNG,VisualPhish/VisualPhish/newly_crawled_phishing/654.PNG,24693,
655.PNG,microsoft,1911,927,3,.PNG,VisualPhish/VisualPhish/newly_crawled_phishing/655.PNG,2182361,
656.PNG,facebook,1913,930,3,.PNG,VisualPhish/VisualPhish/newly_crawled_phishing/656.PNG,44791,
657.PNG,linkedin,1895,933,3,.PNG,VisualPhish/VisualPhish/newly_crawled_phishing/657.PNG,35776,
658.PNG,ms_onedrive,1913,933,3,.PNG,VisualPhish/VisualPhish/newly_crawled_phishing/658.PNG,2014553,
659.PNG,aruba,1894,931,3,.PNG,VisualPhish/VisualPhish/newly_crawled_phishing/659.PNG,50456,
660.PNG,aruba,1893,932,3,.PNG,VisualPhish/VisualPhish/newly_crawled_phishing/660.PNG,50414,
661.PNG,nedbank,1879,933,3,.PNG,VisualPhish/VisualPhish/newly_crawled_phishing/661.PNG,200322,
662.PNG,bradesco,1880,934,3,.PNG,VisualPhish/VisualPhish/newly_crawled_phishing/662.PNG,1143245,
663.PNG,bradesco,1895,935,3,.PNG,VisualPhish/VisualPhish/newly_crawled_phishing/663.PNG,1142441,
664.PNG,bradesco,1894,940,3,.PNG,VisualPhish/VisualPhish/newly_crawled_phishing/664.PNG,1150431,
665.PNG,facebook,1913,933,3,.PNG,VisualPhish/VisualPhish/newly_crawled_phishing/665.PNG,36342,
666.PNG,microsoft,1915,930,3,.PNG,VisualPhish/VisualPhish/newly_crawled_phishing/666.PNG,2201008,
667.PNG,paypal,1900,932,3,.PNG,VisualPhish/VisualPhish/newly_crawled_phishing/667.PNG,19083,
668.PNG,amazon,1898,929,3,.PNG,VisualPhish/VisualPhish/newly_crawled_phishing/668.PNG,40993,
669.PNG,amazon,1893,930,3,.PNG,VisualPhish/VisualPhish/newly_crawled_phishing/669.PNG,40977,
670.PNG,dropbox,1902,931,3,.PNG,VisualPhish/VisualPhish/newly_crawled_phishing/670.PNG,130895,
671.PNG,paypal,1903,935,3,.PNG,VisualPhish/VisualPhish/newly_crawled_phishing/671.PNG,29256,
672.PNG,paypal,1906,933,3,.PNG,VisualPhish/VisualPhish/newly_crawled_phishing/672.PNG,25034,
673.PNG,wells_fargo,1884,932,3,.PNG,VisualPhish/VisualPhish/newly_crawled_phishing/673.PNG,699232,
674.PNG,wells_fargo,1886,939,3,.PNG,VisualPhish/VisualPhish/newly_crawled_phishing/674.PNG,1389741,
675.PNG,wells_fargo,1884,932,3,.PNG,VisualPhish/VisualPhish/newly_crawled_phishing/675.PNG,1382893,
676.PNG,wells_fargo,1889,941,3,.PNG,VisualPhish/VisualPhish/newly_crawled_phishing/676.PNG,1389754,
677.PNG,wells_fargo,1890,936,3,.PNG,VisualPhish/VisualPhish/newly_crawled_phishing/677.PNG,1387653,
678.PNG,wells_fargo,1889,933,3,.PNG,VisualPhish/VisualPhish/newly_crawled_phishing/678.PNG,699342,
679.PNG,paypal,1911,934,3,.PNG,VisualPhish/VisualPhish/newly_crawled_phishing/679.PNG,23009,
680.PNG,nedbank,1883,934,3,.PNG,VisualPhish/VisualPhish/newly_crawled_phishing/680.PNG,200431,
681.PNG,dropbox,1870,940,3,.PNG,VisualPhish/VisualPhish/newly_crawled_phishing/681.PNG,141327,
682.PNG,american_express,1894,938,3,.PNG,VisualPhish/VisualPhish/newly_crawled_phishing/682.PNG,437893,
683.PNG,wells_fargo,1908,936,3,.PNG,VisualPhish/VisualPhish/newly_crawled_phishing/683.PNG,63735,
684.PNG,la_banque_postale,1882,932,3,.PNG,VisualPhish/VisualPhish/newly_crawled_phishing/684.PNG,110265,
685.PNG,netflix,1891,930,3,.PNG,VisualPhish/VisualPhish/newly_crawled_phishing/685.PNG,2988083,
686.PNG,paypal,1908,935,3,.PNG,VisualPhish/VisualPhish/newly_crawled_phishing/686.PNG,22996,
687.PNG,wells_fargo,1883,936,3,.PNG,VisualPhish/VisualPhish/newly_crawled_phishing/687.PNG,698248,
688.PNG,orange,1890,935,3,.PNG,VisualPhish/VisualPhish/newly_crawled_phishing/688.PNG,123602,
689.PNG,facebook,1914,932,3,.PNG,VisualPhish/VisualPhish/newly_crawled_phishing/689.PNG,36621,
690.PNG,steam,1883,935,3,.PNG,VisualPhish/VisualPhish/newly_crawled_phishing/690.PNG,101749,
691.PNG,gov_uk,1892,936,3,.PNG,VisualPhish/VisualPhish/newly_crawled_phishing/691.PNG,100124,
692.PNG,wells_fargo,1899,934,3,.PNG,VisualPhish/VisualPhish/newly_crawled_phishing/692.PNG,54084,
693.PNG,wells_fargo,1912,929,3,.PNG,VisualPhish/VisualPhish/newly_crawled_phishing/693.PNG,54151,
694.PNG,wells_fargo,1888,944,3,.PNG,VisualPhish/VisualPhish/newly_crawled_phishing/694.PNG,1151994,
695.PNG,wells_fargo,1906,932,3,.PNG,VisualPhish/VisualPhish/newly_crawled_phishing/695.PNG,63648,
696.PNG,apple,1888,936,3,.PNG,VisualPhish/VisualPhish/newly_crawled_phishing/696.PNG,458051,
697.PNG,apple,1885,933,3,.PNG,VisualPhish/VisualPhish/newly_crawled_phishing/697.PNG,456481,
698.PNG,apple,1886,934,3,.PNG,VisualPhish/VisualPhish/newly_crawled_phishing/698.PNG,357012,
699.PNG,apple,1893,935,3,.PNG,VisualPhish/VisualPhish/newly_crawled_phishing/699.PNG,357066,
700.PNG,apple,1888,931,3,.PNG,VisualPhish/VisualPhish/newly_crawled_phishing/700.PNG,2520748,
701.PNG,apple,1893,936,3,.PNG,VisualPhish/VisualPhish/newly_crawled_phishing/701.PNG,2529124,
702.PNG,microsoft,1917,935,3,.PNG,VisualPhish/VisualPhish/newly_crawled_phishing/702.PNG,2164337,
703.PNG,microsoft,1916,937,3,.PNG,VisualPhish/VisualPhish/newly_crawled_phishing/703.PNG,2166714,
704.PNG,microsoft,1919,938,3,.PNG,VisualPhish/VisualPhish/newly_crawled_phishing/704.PNG,2170329,
705.PNG,microsoft,1918,938,3,.PNG,VisualPhish/VisualPhish/newly_crawled_phishing/705.PNG,2172697,
706.PNG,microsoft,1917,936,3,.PNG,VisualPhish/VisualPhish/newly_crawled_phishing/706.PNG,2160823,
707.PNG,microsoft,1915,934,3,.PNG,VisualPhish/VisualPhish/newly_crawled_phishing/707.PNG,2158308,
708.PNG,ms_onedrive,1912,937,3,.PNG,VisualPhish/VisualPhish/newly_crawled_phishing/708.PNG,225372,
709.PNG,microsoft,1919,934,3,.PNG,VisualPhish/VisualPhish/newly_crawled_phishing/709.PNG,2090952,
710.PNG,ms_outlook,1907,929,3,.PNG,VisualPhish/VisualPhish/newly_crawled_phishing/710.PNG,47919,
711.PNG,netflix,1883,894,3,.PNG,VisualPhish/VisualPhish/newly_crawled_phishing/711.PNG,3796542,
712.PNG,netflix,1890,895,3,.PNG,VisualPhish/VisualPhish/newly_crawled_phishing/712.PNG,3818078,
713.PNG,apple,1890,934,3,.PNG,VisualPhish/VisualPhish/newly_crawled_phishing/713.PNG,468574,
714.PNG,apple,1894,935,3,.PNG,VisualPhish/VisualPhish/newly_crawled_phishing/714.PNG,458149,
715.PNG,ms_onedrive,1909,937,3,.PNG,VisualPhish/VisualPhish/newly_crawled_phishing/715.PNG,225408,
716.PNG,ms_onedrive,1908,934,3,.PNG,VisualPhish/VisualPhish/newly_crawled_phishing/716.PNG,225405,
717.PNG,microsoft,1916,934,3,.PNG,VisualPhish/VisualPhish/newly_crawled_phishing/717.PNG,2188849,
718.PNG,microsoft,1917,935,3,.PNG,VisualPhish/VisualPhish/newly_crawled_phishing/718.PNG,2187695,
719.PNG,wells_fargo,1893,932,3,.PNG,VisualPhish/VisualPhish/newly_crawled_phishing/719.PNG,1355838,
720.PNG,ms_onedrive,1909,934,3,.PNG,VisualPhish/VisualPhish/newly_crawled_phishing/720.PNG,192387,
721.jpg,amazon,1024,768,3,.jpg,VisualPhish/VisualPhish/newly_crawled_phishing/721.jpg,30151,
722.PNG,microsoft,1919,876,3,.PNG,VisualPhish/VisualPhish/newly_crawled_phishing/722.PNG,2061660,
723.PNG,grupo_bancolombia,1888,935,3,.PNG,VisualPhish/VisualPhish/newly_crawled_phishing/723.PNG,451063,
724.PNG,dropbox,1881,936,3,.PNG,VisualPhish/VisualPhish/newly_crawled_phishing/724.PNG,236323,
725.PNG,apple,1896,939,3,.PNG,VisualPhish/VisualPhish/newly_crawled_phishing/725.PNG,282827,
726.PNG,linkedin,1918,932,3,.PNG,VisualPhish/VisualPhish/newly_crawled_phishing/726.PNG,2659706,
727.PNG,ms_onedrive,1913,935,3,.PNG,VisualPhish/VisualPhish/newly_crawled_phishing/727.PNG,1847449,
728.PNG,orange,1889,934,3,.PNG,VisualPhish/VisualPhish/newly_crawled_phishing/728.PNG,113084,
729.PNG,ms_office,1910,935,3,.PNG,VisualPhish/VisualPhish/newly_crawled_phishing/729.PNG,785843,
730.PNG,bradesco,1910,931,3,.PNG,VisualPhish/VisualPhish/newly_crawled_phishing/730.PNG,1609318,
731.PNG,gov_uk,1887,936,3,.PNG,VisualPhish/VisualPhish/newly_crawled_phishing/731.PNG,46454,
732.PNG,wells_fargo,1889,935,3,.PNG,VisualPhish/VisualPhish/newly_crawled_phishing/732.PNG,1356480,
733.PNG,wells_fargo,1883,935,3,.PNG,VisualPhish/VisualPhish/newly_crawled_phishing/733.PNG,1356799,
734.PNG,bradesco,1911,898,3,.PNG,VisualPhish/VisualPhish/newly_crawled_phishing/734.PNG,570415,
735.PNG,orange,1894,938,3,.PNG,VisualPhish/VisualPhish/newly_crawled_phishing/735.PNG,113162,
736.PNG,orange,1888,935,3,.PNG,VisualPhish/VisualPhish/newly_crawled_phishing/736.PNG,113125,
737.PNG,microsoft,1919,936,3,.PNG,VisualPhish/VisualPhish/newly_crawled_phishing/737.PNG,2151935,
738.PNG,microsoft,1917,938,3,.PNG,VisualPhish/VisualPhish/newly_crawled_phishing/738.PNG,2224368,
739.PNG,paypal,1914,934,3,.PNG,VisualPhish/VisualPhish/newly_crawled_phishing/739.PNG,23939,
740.PNG,ms_onedrive,1903,930,3,.PNG,VisualPhish/VisualPhish/newly_crawled_phishing/740.PNG,192222,
741.PNG,microsoft,1915,933,3,.PNG,VisualPhish/VisualPhish/newly_crawled_phishing/741.PNG,2101247,
742.PNG,microsoft,1894,931,3,.PNG,VisualPhish/VisualPhish/newly_crawled_phishing/742.PNG,1416054,
743.PNG,microsoft,1894,931,3,.PNG,VisualPhish/VisualPhish/newly_crawled_phishing/743.PNG,1416054,
744.PNG,bradesco,1893,936,3,.PNG,VisualPhish/VisualPhish/newly_crawled_phishing/744.PNG,1036222,
745.PNG,google,1904,933,3,.PNG,VisualPhish/VisualPhish/newly_crawled_phishing/745.PNG,59052,
746.PNG,google,1905,935,3,.PNG,VisualPhish/VisualPhish/newly_crawled_phishing/746.PNG,59156,
747.PNG,google,1889,934,3,.PNG,VisualPhish/VisualPhish/newly_crawled_phishing/747.PNG,58937,
748.PNG,grupo_bancolombia,1878,936,3,.PNG,VisualPhish/VisualPhish/newly_crawled_phishing/748.PNG,452177,
749.PNG,grupo_bancolombia,1882,927,3,.PNG,VisualPhish/VisualPhish/newly_crawled_phishing/749.PNG,450889,
750.PNG,microsoft,1892,929,3,.PNG,VisualPhish/VisualPhish/newly_crawled_phishing/750.PNG,1409174,
751.PNG,facebook,1893,931,3,.PNG,VisualPhish/VisualPhish/newly_crawled_phishing/751.PNG,64614,
752.PNG,american_express,1890,938,3,.PNG,VisualPhish/VisualPhish/newly_crawled_phishing/752.PNG,84376,
753.PNG,american_express,1885,936,3,.PNG,VisualPhish/VisualPhish/newly_crawled_phishing/753.PNG,85019,
754.PNG,wells_fargo,1909,930,3,.PNG,VisualPhish/VisualPhish/newly_crawled_phishing/754.PNG,122322,
755.PNG,american_express,1888,937,3,.PNG,VisualPhish/VisualPhish/newly_crawled_phishing/755.PNG,451708,
756.PNG,wells_fargo,1891,940,3,.PNG,VisualPhish/VisualPhish/newly_crawled_phishing/756.PNG,1389644,
757.PNG,barclays,1887,929,3,.PNG,VisualPhish/VisualPhish/newly_crawled_phishing/757.PNG,65731,
758.PNG,paypal,1904,935,3,.PNG,VisualPhish/VisualPhish/newly_crawled_phishing/758.PNG,24347,
759.PNG,paypal,1876,936,3,.PNG,VisualPhish/VisualPhish/newly_crawled_phishing/759.PNG,21646,
760.PNG,paypal,1872,928,3,.PNG,VisualPhish/VisualPhish/newly_crawled_phishing/760.PNG,21422,
761.PNG,paypal,1890,938,3,.PNG,VisualPhish/VisualPhish/newly_crawled_phishing/761.PNG,27465,
762.PNG,paypal,1885,932,3,.PNG,VisualPhish/VisualPhish/newly_crawled_phishing/762.PNG,27240,
763.PNG,paypal,1870,927,3,.PNG,VisualPhish/VisualPhish/newly_crawled_phishing/763.PNG,27165,
764.PNG,wells_fargo,1900,906,3,.PNG,VisualPhish/VisualPhish/newly_crawled_phishing/764.PNG,121992,
765.PNG,paypal,1911,931,3,.PNG,VisualPhish/VisualPhish/newly_crawled_phishing/765.PNG,22670,
766.PNG,paypal,1913,931,3,.PNG,VisualPhish/VisualPhish/newly_crawled_phishing/766.PNG,22803,
767.jpg,amazon,1024,768,3,.jpg,VisualPhish/VisualPhish/newly_crawled_phishing/767.jpg,30151,
768.PNG,paypal,1904,933,3,.PNG,VisualPhish/VisualPhish/newly_crawled_phishing/768.PNG,22204,
769.PNG,strato,1890,903,3,.PNG,VisualPhish/VisualPhish/newly_crawled_phishing/769.PNG,1518796,
770.PNG,nedbank,1888,934,3,.PNG,VisualPhish/VisualPhish/newly_crawled_phishing/770.PNG,107551,
771.PNG,nedbank,1866,935,3,.PNG,VisualPhish/VisualPhish/newly_crawled_phishing/771.PNG,107956,
772.PNG,microsoft,1918,934,3,.PNG,VisualPhish/VisualPhish/newly_crawled_phishing/772.PNG,2039888,
773.PNG,paypal,1906,934,3,.PNG,VisualPhish/VisualPhish/newly_crawled_phishing/773.PNG,22290,
774.PNG,bt,1889,935,3,.PNG,VisualPhish/VisualPhish/newly_crawled_phishing/774.PNG,100694,
775.PNG,bt,1888,932,3,.PNG,VisualPhish/VisualPhish/newly_crawled_phishing/775.PNG,100629,
776.PNG,bt,1890,934,3,.PNG,VisualPhish/VisualPhish/newly_crawled_phishing/776.PNG,100192,
777.PNG,ms_onedrive,1910,934,3,.PNG,VisualPhish/VisualPhish/newly_crawled_phishing/777.PNG,225262,
778.PNG,suntrust,1885,935,3,.PNG,VisualPhish/VisualPhish/newly_crawled_phishing/778.PNG,1496395,
779.PNG,runescape,1888,931,3,.PNG,VisualPhish/VisualPhish/newly_crawled_phishing/779.PNG,2573579,
780.PNG,bradesco,1891,932,3,.PNG,VisualPhish/VisualPhish/newly_crawled_phishing/780.PNG,857159,
781.PNG,runescape,1919,927,3,.PNG,VisualPhish/VisualPhish/newly_crawled_phishing/781.PNG,3250446,
782.PNG,bradesco,1894,904,3,.PNG,VisualPhish/VisualPhish/newly_crawled_phishing/782.PNG,2199421,
783.PNG,bradesco,1888,933,3,.PNG,VisualPhish/VisualPhish/newly_crawled_phishing/783.PNG,2195073,
784.PNG,bradesco,1887,931,3,.PNG,VisualPhish/VisualPhish/newly_crawled_phishing/784.PNG,1911098,
785.PNG,bradesco,1889,935,3,.PNG,VisualPhish/VisualPhish/newly_crawled_phishing/785.PNG,2309454,
786.PNG,bradesco,1883,924,3,.PNG,VisualPhish/VisualPhish/newly_crawled_phishing/786.PNG,3268484,
787.PNG,bradesco,1887,928,3,.PNG,VisualPhish/VisualPhish/newly_crawled_phishing/787.PNG,2194816,
788.PNG,apple,1881,931,3,.PNG,VisualPhish/VisualPhish/newly_crawled_phishing/788.PNG,2081921,
789.PNG,microsoft,1906,938,3,.PNG,VisualPhish/VisualPhish/newly_crawled_phishing/789.PNG,2153693,
790.PNG,yahoo,1881,935,3,.PNG,VisualPhish/VisualPhish/newly_crawled_phishing/790.PNG,421051,
791.PNG,yahoo,1894,937,3,.PNG,VisualPhish/VisualPhish/newly_crawled_phishing/791.PNG,118106,
792.PNG,ms_onedrive,1913,932,3,.PNG,VisualPhish/VisualPhish/newly_crawled_phishing/792.PNG,444386,
793.PNG,ebay,1910,889,3,.PNG,VisualPhish/VisualPhish/newly_crawled_phishing/793.PNG,603984,
794.PNG,att,1889,930,3,.PNG,VisualPhish/VisualPhish/newly_crawled_phishing/794.PNG,36369,
795.PNG,paypal,1888,934,3,.PNG,VisualPhish/VisualPhish/newly_crawled_phishing/795.PNG,1588423,
796.PNG,paypal,1888,937,3,.PNG,VisualPhish/VisualPhish/newly_crawled_phishing/796.PNG,1590333,
797.PNG,paypal,1911,906,3,.PNG,VisualPhish/VisualPhish/newly_crawled_phishing/797.PNG,24062,
798.PNG,facebook,1919,910,3,.PNG,VisualPhish/VisualPhish/newly_crawled_phishing/798.PNG,35841,
799.jpg,irs,1024,768,3,.jpg,VisualPhish/VisualPhish/newly_crawled_phishing/799.jpg,64356,
800.PNG,chase,1886,905,3,.PNG,VisualPhish/VisualPhish/newly_crawled_phishing/800.PNG,1609015,
801.PNG,microsoft,1914,931,3,.PNG,VisualPhish/VisualPhish/newly_crawled_phishing/801.PNG,2179080,
802.PNG,amazon,1887,936,3,.PNG,VisualPhish/VisualPhish/newly_crawled_phishing/802.PNG,1359311,
803.PNG,orange,1889,933,3,.PNG,VisualPhish/VisualPhish/newly_crawled_phishing/803.PNG,248656,
804.PNG,orange,1892,928,3,.PNG,VisualPhish/VisualPhish/newly_crawled_phishing/804.PNG,248541,
805.PNG,microsoft,1892,935,3,.PNG,VisualPhish/VisualPhish/newly_crawled_phishing/805.PNG,2219763,
806.PNG,ourtime,1890,924,3,.PNG,VisualPhish/VisualPhish/newly_crawled_phishing/806.PNG,52282,
807.PNG,ourtime,1912,929,3,.PNG,VisualPhish/VisualPhish/newly_crawled_phishing/807.PNG,104689,
808.PNG,ourtime,1910,926,3,.PNG,VisualPhish/VisualPhish/newly_crawled_phishing/808.PNG,326996,
809.PNG,la_banque_postale,1896,936,3,.PNG,VisualPhish/VisualPhish/newly_crawled_phishing/809.PNG,563423,
810.PNG,ebay,1911,935,3,.PNG,VisualPhish/VisualPhish/newly_crawled_phishing/810.PNG,159731,
811.PNG,chase,1899,932,3,.PNG,VisualPhish/VisualPhish/newly_crawled_phishing/811.PNG,170709,
812.PNG,chase,1891,930,3,.PNG,VisualPhish/VisualPhish/newly_crawled_phishing/812.PNG,161705,
813.PNG,ebay,1904,929,3,.PNG,VisualPhish/VisualPhish/newly_crawled_phishing/813.PNG,167917,
814.PNG,ebay,1893,908,3,.PNG,VisualPhish/VisualPhish/newly_crawled_phishing/814.PNG,893261,
815.PNG,ebay,1889,932,3,.PNG,VisualPhish/VisualPhish/newly_crawled_phishing/815.PNG,41933,
816.PNG,paypal,1901,928,3,.PNG,VisualPhish/VisualPhish/newly_crawled_phishing/816.PNG,24378,
817.PNG,paypal,1915,936,3,.PNG,VisualPhish/VisualPhish/newly_crawled_phishing/817.PNG,24532,
818.PNG,lloyds_bank,1881,937,3,.PNG,VisualPhish/VisualPhish/newly_crawled_phishing/818.PNG,79997,
819.PNG,lloyds_bank,1895,936,3,.PNG,VisualPhish/VisualPhish/newly_crawled_phishing/819.PNG,79944,
820.PNG,amazon,1891,926,3,.PNG,VisualPhish/VisualPhish/newly_crawled_phishing/820.PNG,741905,
821.PNG,microsoft,1916,934,3,.PNG,VisualPhish/VisualPhish/newly_crawled_phishing/821.PNG,2202184,
822.PNG,grupo_bancolombia,1890,934,3,.PNG,VisualPhish/VisualPhish/newly_crawled_phishing/822.PNG,450948,
823.PNG,grupo_bancolombia,1888,934,3,.PNG,VisualPhish/VisualPhish/newly_crawled_phishing/823.PNG,450972,
824.PNG,grupo_bancolombia,1885,930,3,.PNG,VisualPhish/VisualPhish/newly_crawled_phishing/824.PNG,343846,
825.PNG,amazon,1909,935,3,.PNG,VisualPhish/VisualPhish/newly_crawled_phishing/825.PNG,41779,
826.PNG,microsoft,1915,879,3,.PNG,VisualPhish/VisualPhish/newly_crawled_phishing/826.PNG,2156150,
827.PNG,barclays,1909,932,3,.PNG,VisualPhish/VisualPhish/newly_crawled_phishing/827.PNG,68904,
828.PNG,amazon,1905,933,3,.PNG,VisualPhish/VisualPhish/newly_crawled_phishing/828.PNG,43341,
829.PNG,ms_outlook,1914,928,3,.PNG,VisualPhish/VisualPhish/newly_crawled_phishing/829.PNG,44761,
830.PNG,itau,1913,932,3,.PNG,VisualPhish/VisualPhish/newly_crawled_phishing/830.PNG,3960676,
831.PNG,bt,1911,931,3,.PNG,VisualPhish/VisualPhish/newly_crawled_phishing/831.PNG,167998,
832.PNG,bt,1882,932,3,.PNG,VisualPhish/VisualPhish/newly_crawled_phishing/832.PNG,50206,
833.PNG,bt,1910,932,3,.PNG,VisualPhish/VisualPhish/newly_crawled_phishing/833.PNG,167774,
834.PNG,microsoft,1894,933,3,.PNG,VisualPhish/VisualPhish/newly_crawled_phishing/834.PNG,2206471,
835.PNG,dhl,1883,933,3,.PNG,VisualPhish/VisualPhish/newly_crawled_phishing/835.PNG,657807,
836.PNG,dhl,1894,934,3,.PNG,VisualPhish/VisualPhish/newly_crawled_phishing/836.PNG,653400,
837.PNG,amazon,1891,937,3,.PNG,VisualPhish/VisualPhish/newly_crawled_phishing/837.PNG,1623842,
838.PNG,amazon,1890,933,3,.PNG,VisualPhish/VisualPhish/newly_crawled_phishing/838.PNG,2037111,
839.PNG,paypal,1892,933,3,.PNG,VisualPhish/VisualPhish/newly_crawled_phishing/839.PNG,866060,
840.PNG,amazon,1908,929,3,.PNG,VisualPhish/VisualPhish/newly_crawled_phishing/840.PNG,55227,
841.PNG,amazon,1908,939,3,.PNG,VisualPhish/VisualPhish/newly_crawled_phishing/841.PNG,49819,
842.PNG,amazon,1911,931,3,.PNG,VisualPhish/VisualPhish/newly_crawled_phishing/842.PNG,49739,
843.PNG,ms_office,1914,931,3,.PNG,VisualPhish/VisualPhish/newly_crawled_phishing/843.PNG,216484,
844.PNG,ms_office,1910,933,3,.PNG,VisualPhish/VisualPhish/newly_crawled_phishing/844.PNG,216698,
845.jpg,absa,1024,768,3,.jpg,VisualPhish/VisualPhish/newly_crawled_phishing/845.jpg,89694,
846.PNG,apple,1890,908,3,.PNG,VisualPhish/VisualPhish/newly_crawled_phishing/846.PNG,622285,
847.PNG,ms_office,1913,926,3,.PNG,VisualPhish/VisualPhish/newly_crawled_phishing/847.PNG,699939,
848.PNG,nedbank,1890,927,3,.PNG,VisualPhish/VisualPhish/newly_crawled_phishing/848.PNG,99493,
849.PNG,google,1909,931,3,.PNG,VisualPhish/VisualPhish/newly_crawled_phishing/849.PNG,41249,
850.PNG,grupo_bancolombia,1895,903,3,.PNG,VisualPhish/VisualPhish/newly_crawled_phishing/850.PNG,319348,
851.PNG,grupo_bancolombia,1888,932,3,.PNG,VisualPhish/VisualPhish/newly_crawled_phishing/851.PNG,321887,
852.PNG,grupo_bancolombia,1889,932,3,.PNG,VisualPhish/VisualPhish/newly_crawled_phishing/852.PNG,322949,
853.PNG,paypal,1908,930,3,.PNG,VisualPhish/VisualPhish/newly_crawled_phishing/853.PNG,39586,
854.PNG,wells_fargo,1895,934,3,.PNG,VisualPhish/VisualPhish/newly_crawled_phishing/854.PNG,1455482,
855.PNG,linkedin,1887,934,3,.PNG,VisualPhish/VisualPhish/newly_crawled_phishing/855.PNG,287133,
856.PNG,grupo_bancolombia,1901,911,3,.PNG,VisualPhish/VisualPhish/newly_crawled_phishing/856.PNG,408081,
857.PNG,grupo_bancolombia,1888,892,3,.PNG,VisualPhish/VisualPhish/newly_crawled_phishing/857.PNG,403886,
858.PNG,amazon,1887,936,3,.PNG,VisualPhish/VisualPhish/newly_crawled_phishing/858.PNG,1001556,
859.PNG,boa,1891,935,3,.PNG,VisualPhish/VisualPhish/newly_crawled_phishing/859.PNG,902185,
860.PNG,boa,1889,910,3,.PNG,VisualPhish/VisualPhish/newly_crawled_phishing/860.PNG,826785,
861.PNG,linkedin,1900,940,3,.PNG,VisualPhish/VisualPhish/newly_crawled_phishing/861.PNG,2255250,
862.PNG,linkedin,1892,930,3,.PNG,VisualPhish/VisualPhish/newly_crawled_phishing/862.PNG,62953,
863.PNG,linkedin,1895,915,3,.PNG,VisualPhish/VisualPhish/newly_crawled_phishing/863.PNG,2565333,
864.PNG,ms_onedrive,1915,930,3,.PNG,VisualPhish/VisualPhish/newly_crawled_phishing/864.PNG,84374,
865.PNG,ms_office,1910,935,3,.PNG,VisualPhish/VisualPhish/newly_crawled_phishing/865.PNG,785625,
866.PNG,ms_office,1909,931,3,.PNG,VisualPhish/VisualPhish/newly_crawled_phishing/866.PNG,785648,
867.PNG,ourtime,1893,936,3,.PNG,VisualPhish/VisualPhish/newly_crawled_phishing/867.PNG,71351,
868.PNG,paypal,1891,930,3,.PNG,VisualPhish/VisualPhish/newly_crawled_phishing/868.PNG,1661393,
869.PNG,itau,1891,932,3,.PNG,VisualPhish/VisualPhish/newly_crawled_phishing/869.PNG,1141642,
870.PNG,grupo_bancolombia,1905,910,3,.PNG,VisualPhish/VisualPhish/newly_crawled_phishing/870.PNG,408061,
871.PNG,grupo_bancolombia,1894,936,3,.PNG,VisualPhish/VisualPhish/newly_crawled_phishing/871.PNG,412298,
872.PNG,grupo_bancolombia,1890,933,3,.PNG,VisualPhish/VisualPhish/newly_crawled_phishing/872.PNG,409515,
873.PNG,grupo_bancolombia,1903,935,3,.PNG,VisualPhish/VisualPhish/newly_crawled_phishing/873.PNG,412316,
874.jpg,facebook,1024,768,3,.jpg,VisualPhish/VisualPhish/newly_crawled_phishing/874.jpg,39300,
875.PNG,facebook,1911,884,3,.PNG,VisualPhish/VisualPhish/newly_crawled_phishing/875.PNG,55210,
876.jpg,facebook,1024,768,3,.jpg,VisualPhish/VisualPhish/newly_crawled_phishing/876.jpg,39960,
877.PNG,facebook,1887,931,3,.PNG,VisualPhish/VisualPhish/newly_crawled_phishing/877.PNG,55561,
878.PNG,facebook,1914,931,3,.PNG,VisualPhish/VisualPhish/newly_crawled_phishing/878.PNG,55550,
879.PNG,facebook,1910,931,3,.PNG,VisualPhish/VisualPhish/newly_crawled_phishing/879.PNG,55653,
880.PNG,facebook,1910,930,3,.PNG,VisualPhish/VisualPhish/newly_crawled_phishing/880.PNG,55636,
881.PNG,facebook,1907,932,3,.PNG,VisualPhish/VisualPhish/newly_crawled_phishing/881.PNG,55678,
882.PNG,facebook,1914,931,3,.PNG,VisualPhish/VisualPhish/newly_crawled_phishing/882.PNG,55666,
883.PNG,facebook,1913,934,3,.PNG,VisualPhish/VisualPhish/newly_crawled_phishing/883.PNG,55677,
884.jpg,facebook,1024,768,3,.jpg,VisualPhish/VisualPhish/newly_crawled_phishing/884.jpg,39960,
885.jpg,facebook,1024,768,3,.jpg,VisualPhish/VisualPhish/newly_crawled_phishing/885.jpg,39960,
886.PNG,itau,1888,928,3,.PNG,VisualPhish/VisualPhish/newly_crawled_phishing/886.PNG,521250,
887.PNG,itau,1890,930,3,.PNG,VisualPhish/VisualPhish/newly_crawled_phishing/887.PNG,523389,
888.PNG,nedbank,1892,932,3,.PNG,VisualPhish/VisualPhish/newly_crawled_phishing/888.PNG,106814,
889.PNG,runescape,1879,933,3,.PNG,VisualPhish/VisualPhish/newly_crawled_phishing/889.PNG,1682517,
890.PNG,runescape,1912,931,3,.PNG,VisualPhish/VisualPhish/newly_crawled_phishing/890.PNG,3525092,
891.PNG,suntrust,1880,930,3,.PNG,VisualPhish/VisualPhish/newly_crawled_phishing/891.PNG,210318,
892.PNG,paypal,1903,931,3,.PNG,VisualPhish/VisualPhish/newly_crawled_phishing/892.PNG,22226,
893.PNG,paypal,1888,933,3,.PNG,VisualPhish/VisualPhish/newly_crawled_phishing/893.PNG,22044,
894.PNG,bahia,1884,928,3,.PNG,VisualPhish/VisualPhish/newly_crawled_phishing/894.PNG,47884,
895.PNG,orange,1889,933,3,.PNG,VisualPhish/VisualPhish/newly_crawled_phishing/895.PNG,138366,
896.PNG,orange,1893,934,3,.PNG,VisualPhish/VisualPhish/newly_crawled_phishing/896.PNG,164185,
897.PNG,paypal,1890,927,3,.PNG,VisualPhish/VisualPhish/newly_crawled_phishing/897.PNG,313492,
898.PNG,facebook,1886,934,3,.PNG,VisualPhish/VisualPhish/newly_crawled_phishing/898.PNG,184591,
899.PNG,linkedin,1891,933,3,.PNG,VisualPhish/VisualPhish/newly_crawled_phishing/899.PNG,287855,
900.PNG,netflix,1887,934,3,.PNG,VisualPhish/VisualPhish/newly_crawled_phishing/900.PNG,723564,
901.PNG,paypal,1900,924,3,.PNG,VisualPhish/VisualPhish/newly_crawled_phishing/901.PNG,989812,
902.PNG,grupo_bancolombia,1888,909,3,.PNG,VisualPhish/VisualPhish/newly_crawled_phishing/902.PNG,500583,
903.PNG,chase,1891,928,3,.PNG,VisualPhish/VisualPhish/newly_crawled_phishing/903.PNG,1821883,
904.PNG,chase,1894,907,3,.PNG,VisualPhish/VisualPhish/newly_crawled_phishing/904.PNG,1737246,
905.PNG,paypal,1887,934,3,.PNG,VisualPhish/VisualPhish/newly_crawled_phishing/905.PNG,1260997,
906.PNG,wells_fargo,1889,913,3,.PNG,VisualPhish/VisualPhish/newly_crawled_phishing/906.PNG,1526125,
907.PNG,wells_fargo,1889,912,3,.PNG,VisualPhish/VisualPhish/newly_crawled_phishing/907.PNG,1524326,
908.PNG,chase,1913,935,3,.PNG,VisualPhish/VisualPhish/newly_crawled_phishing/908.PNG,1982969,
909.PNG,grupo_bancolombia,1888,936,3,.PNG,VisualPhish/VisualPhish/newly_crawled_phishing/909.PNG,340370,
910.PNG,walmart,1905,932,3,.PNG,VisualPhish/VisualPhish/newly_crawled_phishing/910.PNG,1112495,
911.PNG,runescape,1900,932,3,.PNG,VisualPhish/VisualPhish/newly_crawled_phishing/911.PNG,3226016,
912.PNG,microsoft,1911,911,3,.PNG,VisualPhish/VisualPhish/newly_crawled_phishing/912.PNG,2109418,
913.PNG,walmart,1904,932,3,.PNG,VisualPhish/VisualPhish/newly_crawled_phishing/913.PNG,1112577,
914.PNG,google,1900,927,3,.PNG,VisualPhish/VisualPhish/newly_crawled_phishing/914.PNG,27736,
915.PNG,chase,1893,908,3,.PNG,VisualPhish/VisualPhish/newly_crawled_phishing/915.PNG,2842965,
916.PNG,microsoft,1912,930,3,.PNG,VisualPhish/VisualPhish/newly_crawled_phishing/916.PNG,2043937,
917.PNG,grupo_bancolombia,1896,914,3,.PNG,VisualPhish/VisualPhish/newly_crawled_phishing/917.PNG,438061,
918.PNG,orange,1891,912,3,.PNG,VisualPhish/VisualPhish/newly_crawled_phishing/918.PNG,168863,
919.PNG,orange,1892,876,3,.PNG,VisualPhish/VisualPhish/newly_crawled_phishing/919.PNG,108339,
920.PNG,orange,1892,934,3,.PNG,VisualPhish/VisualPhish/newly_crawled_phishing/920.PNG,113159,
921.PNG,ms_office,1913,936,3,.PNG,VisualPhish/VisualPhish/newly_crawled_phishing/921.PNG,2050088,
922.PNG,netflix,1887,936,3,.PNG,VisualPhish/VisualPhish/newly_crawled_phishing/922.PNG,725062,
923.PNG,ebay,1891,907,3,.PNG,VisualPhish/VisualPhish/newly_crawled_phishing/923.PNG,42399,
924.PNG,ebay,1891,906,3,.PNG,VisualPhish/VisualPhish/newly_crawled_phishing/924.PNG,34381,
925.PNG,netflix,1887,903,3,.PNG,VisualPhish/VisualPhish/newly_crawled_phishing/925.PNG,1419070,
926.PNG,netflix,1892,924,3,.PNG,VisualPhish/VisualPhish/newly_crawled_phishing/926.PNG,2922659,
927.PNG,netflix,1893,902,3,.PNG,VisualPhish/VisualPhish/newly_crawled_phishing/927.PNG,2846970,
928.PNG,netflix,1892,932,3,.PNG,VisualPhish/VisualPhish/newly_crawled_phishing/928.PNG,2952097,
929.PNG,ebay,1893,935,3,.PNG,VisualPhish/VisualPhish/newly_crawled_phishing/929.PNG,38065,
930.PNG,ebay,1895,909,3,.PNG,VisualPhish/VisualPhish/newly_crawled_phishing/930.PNG,38400,
931.PNG,ebay,1888,933,3,.PNG,VisualPhish/VisualPhish/newly_crawled_phishing/931.PNG,35170,
932.PNG,grupo_bancolombia,1917,932,3,.PNG,VisualPhish/VisualPhish/newly_crawled_phishing/932.PNG,239494,
933.PNG,bcp,1891,934,3,.PNG,VisualPhish/VisualPhish/newly_crawled_phishing/933.PNG,405766,
934.PNG,grupo_bancolombia,1885,907,3,.PNG,VisualPhish/VisualPhish/newly_crawled_phishing/934.PNG,441523,
935.PNG,paypal,1886,896,3,.PNG,VisualPhish/VisualPhish/newly_crawled_phishing/935.PNG,26361,
936.PNG,paypal,1892,932,3,.PNG,VisualPhish/VisualPhish/newly_crawled_phishing/936.PNG,22781,
937.PNG,facebook,1888,903,3,.PNG,VisualPhish/VisualPhish/newly_crawled_phishing/937.PNG,55000,
938.PNG,facebook,1890,925,3,.PNG,VisualPhish/VisualPhish/newly_crawled_phishing/938.PNG,55170,
939.PNG,caixa_bank,1913,926,3,.PNG,VisualPhish/VisualPhish/newly_crawled_phishing/939.PNG,57882,
940.PNG,bcp,1891,933,3,.PNG,VisualPhish/VisualPhish/newly_crawled_phishing/940.PNG,407779,
941.PNG,chase,1887,931,3,.PNG,VisualPhish/VisualPhish/newly_crawled_phishing/941.PNG,3013781,
942.PNG,grupo_bancolombia,1887,909,3,.PNG,VisualPhish/VisualPhish/newly_crawled_phishing/942.PNG,441601,
943.PNG,grupo_bancolombia,1882,936,3,.PNG,VisualPhish/VisualPhish/newly_crawled_phishing/943.PNG,451068,
944.PNG,dhl,1907,934,3,.PNG,VisualPhish/VisualPhish/newly_crawled_phishing/944.PNG,305588,
945.PNG,aruba,1914,935,3,.PNG,VisualPhish/VisualPhish/newly_crawled_phishing/945.PNG,82279,
946.PNG,att,1893,934,3,.PNG,VisualPhish/VisualPhish/newly_crawled_phishing/946.PNG,70317,
947.PNG,facebook,1913,910,3,.PNG,VisualPhish/VisualPhish/newly_crawled_phishing/947.PNG,36939,
948.PNG,gov_uk,1895,909,3,.PNG,VisualPhish/VisualPhish/newly_crawled_phishing/948.PNG,61717,
949.PNG,amazon,1908,932,3,.PNG,VisualPhish/VisualPhish/newly_crawled_phishing/949.PNG,41362,
950.PNG,sparkasse,1893,914,3,.PNG,VisualPhish/VisualPhish/newly_crawled_phishing/950.PNG,117283,
951.PNG,amazon,1910,931,3,.PNG,VisualPhish/VisualPhish/newly_crawled_phishing/951.PNG,41362,
952.PNG,amazon,1908,901,3,.PNG,VisualPhish/VisualPhish/newly_crawled_phishing/952.PNG,41042,
953.PNG,amazon,1913,910,3,.PNG,VisualPhish/VisualPhish/newly_crawled_phishing/953.PNG,40924,
954.PNG,amazon,1918,906,3,.PNG,VisualPhish/VisualPhish/newly_crawled_phishing/954.PNG,41030,
