true_target,true_class,pp_class,pp_target
benign,0,0,benign
benign,0,1,Navy Federal Credit Union
benign,0,1,Itau Unibanco S.A
benign,0,1,PayPal
benign,0,0,benign
benign,0,1,Yahoo!
benign,0,1,U.S. Bank
benign,0,1,bcp
benign,0,0,benign
benign,0,0,benign
benign,0,0,benign
benign,0,1,Giffgaff
benign,0,0,benign
benign,0,0,benign
benign,0,1,NatWest Personal Banking
benign,0,0,benign
benign,0,1,ADP
benign,0,1,Giffgaff
benign,0,0,benign
benign,0,0,benign
benign,0,0,benign
benign,0,0,benign
benign,0,1,bcp
benign,0,1,National Bank of Canada
benign,0,1,bcp
benign,0,1,AOL
benign,0,1,Google
benign,0,0,benign
benign,0,1,Sparkasse Bank
benign,0,0,benign
benign,0,1,Google
benign,0,0,benign
benign,0,1,National Bank of Canada
benign,0,0,benign
benign,0,0,benign
benign,0,0,benign
benign,0,1,AOL
benign,0,0,benign
benign,0,1,Microsoft
benign,0,1,Grupo Santander
benign,0,0,benign
benign,0,0,benign
benign,0,0,benign
benign,0,1,Frontier Communications
benign,0,1,Facebook
benign,0,0,benign
benign,0,1,Google
benign,0,0,benign
benign,0,1,bcp
benign,0,1,Vodafone
benign,0,0,benign
benign,0,0,benign
benign,0,1,PayPal
benign,0,0,benign
benign,0,0,benign
benign,0,0,benign
benign,0,0,benign
benign,0,1,ADP
benign,0,0,benign
benign,0,0,benign
benign,0,0,benign
benign,0,0,benign
benign,0,0,benign
benign,0,0,benign
benign,0,0,benign
benign,0,1,Match
benign,0,0,benign
benign,0,0,benign
benign,0,1,Grupo Santander
benign,0,1,Google
benign,0,0,benign
benign,0,1,Giffgaff
benign,0,1,NatWest Personal Banking
benign,0,0,benign
benign,0,1,ASB Bank Limited
benign,0,0,benign
benign,0,1,Amazon
benign,0,1,Facebook
benign,0,0,benign
benign,0,1,Google
benign,0,0,benign
benign,0,1,Deutsche Bank AG
benign,0,0,benign
benign,0,1,Facebook
benign,0,1,Netflix
benign,0,0,benign
benign,0,1,Naver
benign,0,1,Itau Unibanco S.A
benign,0,1,Government of the United Kingdom
benign,0,0,benign
benign,0,1,AutoScout24
benign,0,0,benign
benign,0,1,Sparkasse Bank
benign,0,0,benign
benign,0,1,Sparkasse Bank
benign,0,0,benign
benign,0,0,benign
benign,0,0,benign
benign,0,1,Match
benign,0,0,benign
benign,0,0,benign
benign,0,0,benign
benign,0,1,Match
benign,0,1,LinkedIn Corporation
benign,0,1,Google
benign,0,1,Naver
benign,0,0,benign
benign,0,0,benign
benign,0,1,Google
benign,0,0,benign
benign,0,1,ASB Bank Limited
benign,0,1,Frontier Communications
benign,0,0,benign
benign,0,1,SNS Bank N.V
benign,0,1,National Bank of Canada
benign,0,1,Navy Federal Credit Union
benign,0,0,benign
benign,0,1,PayPal
benign,0,1,Fifth Third Bank
benign,0,0,benign
benign,0,1,Match
benign,0,1,Itau Unibanco S.A
benign,0,0,benign
benign,0,1,ASB Bank Limited
benign,0,1,National Bank of Canada
benign,0,1,AOL
benign,0,1,AutoScout24
benign,0,1,LinkedIn Corporation
benign,0,0,benign
benign,0,0,benign
benign,0,0,benign
benign,0,1,GMX Mail
benign,0,1,Frontier Communications
benign,0,1,ADP
benign,0,0,benign
benign,0,1,Steam
benign,0,0,benign
benign,0,1,Naver
benign,0,0,benign
benign,0,1,Amazon
benign,0,1,U.S. Bank
benign,0,1,Deutsche Telekom
benign,0,0,benign
benign,0,1,Google
benign,0,1,Ooredoo QSC
benign,0,1,Google
benign,0,1,AOL
benign,0,1,SNS Bank N.V
benign,0,0,benign
benign,0,1,Google
benign,0,1,AutoScout24
benign,0,0,benign
benign,0,1,Giffgaff
benign,0,0,benign
benign,0,0,benign
benign,0,1,Frontier Communications
benign,0,0,benign
benign,0,0,benign
benign,0,0,benign
benign,0,1,Amazon
benign,0,1,AOL
benign,0,1,HSBC Bank
benign,0,0,benign
benign,0,1,Deutsche Telekom
benign,0,1,Steam
benign,0,1,Microsoft
benign,0,1,National Bank of Canada
benign,0,0,benign
benign,0,1,Facebook
benign,0,1,Sparkasse Bank
benign,0,0,benign
benign,0,1,LinkedIn Corporation
benign,0,1,Google
benign,0,1,U.S. Bank
benign,0,0,benign
benign,0,0,benign
benign,0,0,benign
benign,0,1,Yahoo!
benign,0,1,NatWest Personal Banking
benign,0,0,benign
benign,0,1,Google
benign,0,0,benign
benign,0,0,benign
benign,0,1,SNS Bank N.V
benign,0,0,benign
benign,0,0,benign
benign,0,1,SNS Bank N.V
benign,0,0,benign
benign,0,1,Sparkasse Bank
benign,0,1,Itau Unibanco S.A
benign,0,0,benign
benign,0,0,benign
benign,0,0,benign
benign,0,1,Google
benign,0,0,benign
benign,0,0,benign
benign,0,1,eBay
benign,0,0,benign
benign,0,1,Navy Federal Credit Union
benign,0,0,benign
benign,0,1,Google
benign,0,1,Itau Unibanco S.A
benign,0,1,Ooredoo QSC
benign,0,0,benign
benign,0,0,benign
benign,0,1,Google
benign,0,1,UBS AG
benign,0,1,NatWest Personal Banking
benign,0,1,ASB Bank Limited
benign,0,0,benign
benign,0,0,benign
benign,0,1,NatWest Personal Banking
benign,0,0,benign
benign,0,0,benign
benign,0,0,benign
benign,0,1,Google
benign,0,1,bcp
benign,0,0,benign
benign,0,1,Naver
benign,0,0,benign
benign,0,1,Government of the United Kingdom
benign,0,1,UBS AG
benign,0,0,benign
benign,0,1,Government of the United Kingdom
benign,0,1,Google
benign,0,1,Match
benign,0,0,benign
benign,0,0,benign
benign,0,1,Google
benign,0,0,benign
benign,0,1,eBay
benign,0,1,UBS AG
benign,0,0,benign
benign,0,1,Government of the United Kingdom
benign,0,1,ASB Bank Limited
benign,0,1,PayPal
benign,0,0,benign
benign,0,1,Giffgaff
benign,0,1,Fifth Third Bank
benign,0,1,Naver
benign,0,1,Ooredoo QSC
benign,0,1,Yahoo!
benign,0,0,benign
benign,0,1,Grupo Santander
benign,0,1,Google
benign,0,0,benign
benign,0,1,Google
benign,0,0,benign
benign,0,0,benign
benign,0,1,Google
benign,0,0,benign
benign,0,1,Google
benign,0,0,benign
benign,0,1,Sparkasse Bank
benign,0,1,Steam
benign,0,0,benign
benign,0,1,Google
benign,0,0,benign
benign,0,0,benign
benign,0,1,PayPal
benign,0,1,Yahoo!
benign,0,0,benign
benign,0,0,benign
benign,0,0,benign
benign,0,1,Sparkasse Bank
benign,0,0,benign
benign,0,1,Netflix
benign,0,0,benign
benign,0,1,Ooredoo QSC
benign,0,0,benign
benign,0,0,benign
benign,0,0,benign
benign,0,1,Google
benign,0,0,benign
benign,0,1,Google
benign,0,0,benign
benign,0,1,eBay
benign,0,0,benign
benign,0,1,UBS AG
benign,0,1,SNS Bank N.V
benign,0,0,benign
benign,0,0,benign
benign,0,1,UBS AG
benign,0,0,benign
benign,0,1,Netflix
benign,0,1,Discover
benign,0,1,eBay
benign,0,1,Google
benign,0,0,benign
benign,0,1,Grupo Santander
benign,0,1,Deutsche Bank AG
benign,0,1,Microsoft
benign,0,0,benign
benign,0,0,benign
benign,0,0,benign
benign,0,1,Yahoo!
benign,0,1,Amazon
benign,0,0,benign
benign,0,0,benign
benign,0,1,eBay
benign,0,1,Facebook
benign,0,0,benign
benign,0,0,benign
benign,0,1,Sparkasse Bank
benign,0,1,DHL Airways
benign,0,1,Ooredoo QSC
benign,0,0,benign
benign,0,1,AutoScout24
benign,0,1,LinkedIn Corporation
banco de chile,1,0,benign
netflix,1,0,benign
paypal,1,1,PayPal
adp,1,0,benign
yahoo!,1,1,Yahoo!
visa international service association,1,1,Visa International Service Association
1&1 ionos,1,1,1&1 Ionos
amazon,1,1,Amazon
made-in-china,1,1,Made-In-China
gov_uk,1,0,benign
navy federal credit union,1,1,Navy Federal Credit Union
facebook,1,0,benign
paypal,1,1,PayPal
paypal,1,1,PayPal
office365,1,1,Microsoft
paypal,1,0,benign
paypal,1,1,PayPal
paypal,1,1,PayPal
office365,1,1,Microsoft
paypal,1,1,PayPal
paypal,1,1,PayPal
autoscout24,1,1,AutoScout24
facebook,1,1,Facebook
at&t,1,1,AT&T
paypal,1,1,PayPal
office365,1,0,benign
paypal,1,1,PayPal
paypal,1,1,PayPal
asb bank limited,1,1,ASB Bank Limited
paypal,1,1,PayPal
netflix,1,1,Netflix
paypal,1,1,PayPal
paypal,1,1,PayPal
office365,1,1,Microsoft
paypal,1,1,PayPal
paypal,1,1,PayPal
facebook,1,0,benign
paypal,1,1,PayPal
office365,1,1,Microsoft
office365,1,1,Microsoft
facebook,1,1,Facebook
office365,1,1,Microsoft
paypal,1,1,PayPal
at&t,1,1,AT&T
runescape,1,1,RuneScape
paypal,1,1,PayPal
etisalat,1,1,Etisalat
yahoo!,1,1,Yahoo!
dhl,1,1,DHL Airways
paypal,1,1,PayPal
paypal,1,1,PayPal
paypal,1,1,PayPal
office365,1,0,benign
paypal,1,1,PayPal
office365,1,1,Microsoft
paypal,1,1,PayPal
paypal,1,1,PayPal
office365,1,1,Microsoft
iinet limited,1,1,iiNet Limited
paypal,1,1,PayPal
dhl,1,1,DHL Airways
amazon,1,1,Amazon
office365,1,1,Microsoft
paypal,1,1,PayPal
u.s. bank,1,1,U.S. Bank
paypal,1,1,PayPal
paypal,1,1,PayPal
etisalat,1,1,Etisalat
match,1,1,Match
paypal,1,1,PayPal
yahoo!,1,1,Yahoo!
paypal,1,1,PayPal
paypal,1,1,PayPal
yahoo!,1,1,Yahoo!
dhl,1,1,DHL Airways
paypal,1,1,PayPal
ebay,1,1,eBay
amazon,1,1,Amazon
dhl,1,1,DHL Airways
paypal,1,1,PayPal
paypal,1,1,PayPal
linkedin corporation,1,1,LinkedIn Corporation
office365,1,1,Microsoft
asb bank limited,1,1,ASB Bank Limited
sparkasse bank,1,1,Sparkasse Bank
facebook,1,0,benign
facebook,1,1,Facebook
office365,1,1,Microsoft
naver,1,1,Naver
dhl,1,0,benign
paypal,1,1,PayPal
office365,1,0,benign
runescape,1,1,RuneScape
paypal,1,1,PayPal
paypal,1,1,PayPal
office365,1,1,Microsoft
itau unibanco s.a,1,1,Itau Unibanco S.A
itau unibanco s.a,1,1,Itau Unibanco S.A
paypal,1,1,PayPal
facebook,1,1,Facebook
at&t,1,1,AT&T
dhl,1,1,DHL Airways
amazon,1,1,Amazon
paypal,1,1,PayPal
netflix,1,1,Netflix
paypal,1,1,PayPal
office365,1,1,Microsoft
paypal,1,1,PayPal
facebook,1,1,Facebook
office365,1,0,benign
paypal,1,1,PayPal
paypal,1,1,PayPal
ooredoo qsc,1,1,Ooredoo QSC
office365,1,0,benign
paypal,1,1,PayPal
netflix,1,0,benign
paypal,1,0,benign
facebook,1,1,Facebook
paypal,1,1,PayPal
paypal,1,1,PayPal
dhl,1,1,DHL Airways
amazon,1,1,Amazon
office365,1,0,benign
amazon,1,1,Amazon
vkontakte,1,0,benign
amazon,1,1,Amazon
paypal,1,1,PayPal
1&1 ionos,1,1,1&1 Ionos
netflix,1,1,Netflix
paypal,1,0,benign
paypal,1,1,PayPal
iinet limited,1,0,benign
orange,1,1,Orange
runescape,1,1,RuneScape
paypal,1,1,PayPal
yahoo!,1,1,Yahoo!
vkontakte,1,0,benign
linkedin corporation,1,1,LinkedIn Corporation
paypal,1,1,PayPal
paypal,1,1,PayPal
orange,1,1,Orange
paypal,1,1,PayPal
office365,1,0,benign
google,1,1,Google
ebay,1,1,eBay
paypal,1,1,PayPal
dhl,1,1,DHL Airways
paypal,1,1,PayPal
dhl,1,1,DHL Airways
american express,1,0,benign
rakuten,1,1,Rakuten
paypal,1,1,PayPal
paypal,1,1,PayPal
facebook,1,1,Facebook
facebook,1,1,Facebook
visa international service association,1,1,Visa International Service Association
at&t,1,1,AT&T
paypal,1,1,PayPal
paypal,1,1,PayPal
paypal,1,1,PayPal
paypal,1,1,PayPal
orange,1,1,Orange
amazon,1,1,Amazon
linkedin corporation,1,1,LinkedIn Corporation
amazon,1,1,Amazon
office365,1,0,benign
office365,1,1,Microsoft
paypal,1,1,PayPal
paypal,1,1,PayPal
office365,1,1,Microsoft
facebook,1,1,Facebook
runescape,1,1,RuneScape
office365,1,1,Microsoft
paypal,1,1,PayPal
paypal,1,1,PayPal
paypal,1,0,benign
itau unibanco s.a,1,1,Itau Unibanco S.A
netflix,1,1,Netflix
paypal,1,1,PayPal
dhl,1,1,DHL Airways
paypal,1,1,PayPal
netflix,1,1,Netflix
paypal,1,1,PayPal
paypal,1,1,PayPal
american express,1,1,American Express
facebook,1,1,Facebook
linkedin corporation,1,1,LinkedIn Corporation
paypal,1,1,PayPal
paypal,1,1,PayPal
paypal,1,1,PayPal
national bank of canada,1,1,National Bank of Canada
office365,1,1,Microsoft
paypal,1,1,PayPal
paypal,1,1,PayPal
navy federal credit union,1,1,Navy Federal Credit Union
netflix,1,1,Netflix
linkedin corporation,1,1,LinkedIn Corporation
paypal,1,1,PayPal
paypal,1,1,PayPal
steam,1,1,Steam
amazon,1,1,Amazon
paypal,1,0,benign
orange,1,1,Orange
paypal,1,1,PayPal
itau unibanco s.a,1,1,Itau Unibanco S.A
office365,1,0,benign
bcp,1,0,benign
netflix,1,1,Netflix
linkedin corporation,1,1,LinkedIn Corporation
paypal,1,1,PayPal
iinet limited,1,0,benign
dhl,1,1,DHL Airways
ooredoo qsc,1,1,Ooredoo QSC
facebook,1,1,Facebook
office365,1,1,Microsoft
u.s. bank,1,1,U.S. Bank
paypal,1,1,PayPal
at&t,1,1,AT&T
paypal,1,1,PayPal
paypal,1,1,PayPal
paypal,1,1,PayPal
office365,1,1,Microsoft
paypal,1,1,PayPal
facebook,1,0,benign
paypal,1,1,PayPal
paypal,1,1,PayPal
autoscout24,1,1,AutoScout24
paypal,1,0,benign
yahoo!,1,1,Yahoo!
paypal,1,1,PayPal
facebook,1,0,benign
steam,1,1,Steam
office365,1,1,Microsoft
paypal,1,1,PayPal
rakuten,1,1,Rakuten
office365,1,1,Microsoft
office365,1,0,benign
office365,1,1,Microsoft
paypal,1,1,PayPal
paypal,1,1,PayPal
linkedin corporation,1,1,LinkedIn Corporation
facebook,1,0,benign
paypal,1,1,PayPal
office365,1,1,Microsoft
steam,1,1,Steam
facebook,1,1,Facebook
paypal,1,1,PayPal
facebook,1,0,benign
amazon,1,1,Amazon
paypal,1,1,PayPal
paypal,1,1,PayPal
amazon,1,1,Amazon
office365,1,1,Microsoft
adp,1,0,benign
paypal,1,1,PayPal
amazon,1,1,Amazon
office365,1,1,Microsoft
atb financial,1,0,benign
itau unibanco s.a,1,1,Itau Unibanco S.A
raiffeisen bank s.a,1,1,Raiffeisen Bank S.A.
paypal,1,1,PayPal
office365,1,1,Microsoft
facebook,1,0,benign
itau unibanco s.a,1,0,benign
paypal,1,1,PayPal
office365,1,0,benign
google,1,1,Google
natwest personal banking,1,1,NatWest Personal Banking
paypal,1,1,PayPal
paypal,1,1,PayPal
office365,1,1,Microsoft
match,1,1,Match
dhl,1,1,DHL Airways
facebook,1,1,Facebook
rakuten,1,1,Rakuten
ebay,1,1,eBay
paypal,1,0,benign
ebay,1,0,benign
amazon,1,1,Amazon
dhl,1,1,DHL Airways
netflix,1,1,Netflix
netflix,1,1,Netflix
facebook,1,1,Facebook
office365,1,1,Microsoft
office365,1,1,Microsoft
office365,1,1,Microsoft
office365,1,1,Microsoft
office365,1,1,Microsoft
google,1,1,Google
paypal,1,1,PayPal
google,1,1,Google
yahoo!,1,1,Yahoo!
facebook,1,1,Facebook
paypal,1,1,PayPal
runescape,1,1,RuneScape
steam,1,1,Steam
paypal,1,1,PayPal
hsbc bank,1,1,HSBC Bank
paypal,1,1,PayPal
office365,1,1,Microsoft
paypal,1,1,PayPal
dhl,1,1,DHL Airways
office365,1,1,Microsoft
paypal,1,1,PayPal
office365,1,1,Microsoft
runescape,1,1,RuneScape
amazon,1,1,Amazon
office365,1,1,Microsoft
paypal,1,1,PayPal
runescape,1,1,RuneScape
office365,1,0,benign
amazon,1,1,Amazon
paypal,1,1,PayPal
1&1 ionos,1,1,1&1 Ionos
office365,1,1,Microsoft
paypal,1,1,PayPal
itau unibanco s.a,1,1,Itau Unibanco S.A
linkedin corporation,1,1,LinkedIn Corporation
office365,1,1,Microsoft
paypal,1,1,PayPal
at&t,1,1,AT&T
itau unibanco s.a,1,1,Itau Unibanco S.A
paypal,1,1,PayPal
office365,1,1,Microsoft
paypal,1,1,PayPal
office365,1,0,benign
office365,1,1,Microsoft
paypal,1,1,PayPal
facebook,1,1,Facebook
linkedin corporation,1,1,LinkedIn Corporation
dhl,1,1,DHL Airways
paypal,1,0,benign
paypal,1,0,benign
amazon,1,1,Amazon
paypal,1,1,PayPal
google,1,1,Google
paypal,1,1,PayPal
amazon,1,1,Amazon
paypal,1,1,PayPal
paypal,1,1,PayPal
office365,1,1,Microsoft
amazon,1,1,Amazon
fifth third bank,1,0,benign
ebay,1,0,benign
dhl,1,1,DHL Airways
paypal,1,1,PayPal
rakuten,1,1,Rakuten
paypal,1,1,PayPal
paypal,1,1,PayPal
paypal,1,1,PayPal
facebook,1,1,Facebook
office365,1,1,Microsoft
rakuten,1,1,Rakuten
paypal,1,1,PayPal
office365,1,1,Microsoft
u.s. bank,1,1,U.S. Bank
dhl,1,1,DHL Airways
at&t,1,1,AT&T
ubs ag,1,0,benign
paypal,1,1,PayPal
paypal,1,1,PayPal
linkedin corporation,1,1,LinkedIn Corporation
paypal,1,1,PayPal
citrix sharefile,1,1,Citrix ShareFile
dhl,1,1,DHL Airways
office365,1,1,Microsoft
paypal,1,1,PayPal
paypal,1,1,PayPal
office365,1,1,Microsoft
netflix,1,1,Netflix
orange,1,1,Orange
amazon,1,1,Amazon
paypal,1,1,PayPal
yahoo!,1,1,Yahoo!
office365,1,0,benign
paypal,1,1,PayPal
dhl,1,1,DHL Airways
paypal,1,1,PayPal
amazon,1,1,Amazon
amazon,1,1,Amazon
netflix,1,1,Netflix
office365,1,1,Microsoft
discover,1,1,Discover
facebook,1,1,Facebook
paypal,1,1,PayPal
vodafone,1,0,benign
office365,1,1,Microsoft
db,1,1,Deutsche Bank AG
paypal,1,0,benign
itau unibanco s.a,1,1,Itau Unibanco S.A
facebook,1,1,Facebook
dhl,1,1,DHL Airways
office365,1,1,Microsoft
paypal,1,1,PayPal
paypal,1,1,PayPal
amazon,1,1,Amazon
paypal,1,1,PayPal
paypal,1,1,PayPal
paypal,1,1,PayPal
itau unibanco s.a,1,1,Itau Unibanco S.A
dhl,1,1,DHL Airways
paypal,1,0,benign
amazon,1,1,Amazon
office365,1,1,Microsoft
office365,1,0,benign
atb financial,1,0,benign
itau unibanco s.a,1,1,Itau Unibanco S.A
paypal,1,1,PayPal
runescape,1,1,RuneScape
paypal,1,1,PayPal
office365,1,1,Microsoft
paypal,1,1,PayPal
linkedin corporation,1,1,LinkedIn Corporation
paypal,1,1,PayPal
fifth third bank,1,0,benign
orange,1,1,Orange
facebook,1,0,benign
steam,1,1,Steam
paypal,1,1,PayPal
yahoo!,1,1,Yahoo!
dhl,1,1,DHL Airways
office365,1,1,Microsoft
paypal,1,1,PayPal
sns bank n.v,1,1,SNS Bank N.V
paypal,1,1,PayPal
amazon,1,1,Amazon
office365,1,1,Microsoft
bcp,1,0,benign
paypal,1,1,PayPal
paypal,1,1,PayPal
linkedin corporation,1,1,LinkedIn Corporation
paypal,1,1,PayPal
facebook,1,1,Facebook
paypal,1,1,PayPal
office365,1,1,Microsoft
office365,1,1,Microsoft
paypal,1,0,benign
paypal,1,1,PayPal
google,1,1,Google
paypal,1,1,PayPal
linkedin corporation,1,1,LinkedIn Corporation
amazon,1,1,Amazon
match,1,1,Match
netflix,1,1,Netflix
office365,1,1,Microsoft
paypal,1,1,PayPal
netflix,1,1,Netflix
office365,1,1,Microsoft
paypal,1,1,PayPal
office365,1,1,Microsoft
paypal,1,1,PayPal
asb bank limited,1,1,ASB Bank Limited
netflix,1,1,Netflix
rakuten,1,1,Rakuten
ebay,1,0,benign
office365,1,1,Microsoft
facebook,1,0,benign
office365,1,0,benign
office365,1,1,Microsoft
office365,1,1,Microsoft
amazon,1,1,Amazon
yahoo!,1,1,Yahoo!
paypal,1,0,benign
dhl,1,1,DHL Airways
dhl,1,1,DHL Airways
paypal,1,1,PayPal
linkedin corporation,1,1,LinkedIn Corporation
paypal,1,1,PayPal
facebook,1,1,Facebook
paypal,1,1,PayPal
facebook,1,1,Facebook
office365,1,1,Microsoft
paypal,1,1,PayPal
paypal,1,1,PayPal
navy federal credit union,1,1,Navy Federal Credit Union
paypal,1,1,PayPal
paypal,1,1,PayPal
discover,1,1,Discover
office365,1,1,Microsoft
fifth third bank,1,1,Fifth Third Bank
paypal,1,1,PayPal
paypal,1,1,PayPal
paypal,1,1,PayPal
facebook,1,1,Facebook
hsbc bank,1,1,HSBC Bank
dhl,1,1,DHL Airways
dhl,1,1,DHL Airways
yahoo!,1,1,Yahoo!
paypal,1,1,PayPal
office365,1,0,benign
office365,1,0,benign
paypal,1,1,PayPal
linkedin corporation,1,1,LinkedIn Corporation
rakuten,1,1,Rakuten
paypal,1,1,PayPal
navy federal credit union,1,1,Navy Federal Credit Union
facebook,1,1,Facebook
google,1,1,Google
office365,1,0,benign
itau unibanco s.a,1,1,Itau Unibanco S.A
runescape,1,1,RuneScape
office365,1,1,Microsoft
amazon,1,1,Amazon
amazon,1,1,Amazon
paypal,1,1,PayPal
paypal,1,1,PayPal
paypal,1,1,PayPal
dhl,1,1,DHL Airways
linkedin corporation,1,1,LinkedIn Corporation
itau unibanco s.a,1,1,Itau Unibanco S.A
linkedin corporation,1,1,LinkedIn Corporation
yahoo!,1,1,Yahoo!
facebook,1,1,Facebook
amazon,1,1,Amazon
yahoo!,1,1,Yahoo!
orange,1,0,benign
google,1,1,Google
yahoo!,1,1,Yahoo!
netflix,1,0,benign
national bank of canada,1,1,National Bank of Canada
paypal,1,1,PayPal
amazon,1,1,Amazon
linkedin corporation,1,1,LinkedIn Corporation
paypal,1,1,PayPal
paypal,1,1,PayPal
paypal,1,1,PayPal
netflix,1,1,Netflix
asb bank limited,1,1,ASB Bank Limited
itau unibanco s.a,1,1,Itau Unibanco S.A
paypal,1,1,PayPal
facebook,1,1,Facebook
at&t,1,1,AT&T
grupo santander,1,1,Grupo Santander
paypal,1,1,PayPal
amazon,1,1,Amazon
paypal,1,1,PayPal
office365,1,1,Microsoft
ebay,1,1,eBay
netflix,1,0,benign
paypal,1,1,PayPal
office365,1,1,Microsoft
steam,1,1,Steam
paypal,1,1,PayPal
linkedin corporation,1,1,LinkedIn Corporation
facebook,1,1,Facebook
paypal,1,1,PayPal
netflix,1,0,benign
netflix,1,1,Netflix
office365,1,1,Microsoft
match,1,1,Match
office365,1,0,benign
paypal,1,0,benign
office365,1,1,Microsoft
1&1 ionos,1,0,benign
dhl,1,1,DHL Airways
paypal,1,1,PayPal
paypal,1,1,PayPal
yahoo!,1,1,Yahoo!
paypal,1,1,PayPal
paypal,1,1,PayPal
paypal,1,1,PayPal
paypal,1,1,PayPal
linkedin corporation,1,0,benign
paypal,1,1,PayPal
yahoo!,1,1,Yahoo!
paypal,1,1,PayPal
paypal,1,1,PayPal
paypal,1,1,PayPal
facebook,1,1,Facebook
dhl,1,1,DHL Airways
paypal,1,1,PayPal
paypal,1,1,PayPal
paypal,1,1,PayPal
facebook,1,1,Facebook
office365,1,1,Microsoft
netflix,1,1,Netflix
ubs ag,1,0,benign
facebook,1,1,Facebook
paypal,1,0,benign
paypal,1,1,PayPal
facebook,1,1,Facebook
paypal,1,1,PayPal
paypal,1,1,PayPal
office365,1,0,benign
netflix,1,1,Netflix
dhl,1,1,DHL Airways
natwest personal banking,1,1,NatWest Personal Banking
runescape,1,1,RuneScape
facebook,1,1,Facebook
paypal,1,1,PayPal
facebook,1,1,Facebook
orange,1,0,benign
facebook,1,1,Facebook
office365,1,1,Microsoft
netflix,1,1,Netflix
netflix,1,0,benign
office365,1,1,Microsoft
office365,1,1,Microsoft
atb financial,1,0,benign
facebook,1,1,Facebook
american express,1,0,benign
runescape,1,1,RuneScape
facebook,1,1,Facebook
paypal,1,1,PayPal
rakuten,1,1,Rakuten
yahoo!,1,1,Yahoo!
office365,1,1,Microsoft
paypal,1,1,PayPal
office365,1,1,Microsoft
dhl,1,1,DHL Airways
ebay,1,1,eBay
sparkasse bank,1,0,benign
office365,1,1,Microsoft
rakuten,1,1,Rakuten
international card services b.v,1,1,International Card Services B.V
match,1,1,Match
paypal,1,1,PayPal
yahoo!,1,1,Yahoo!
paypal,1,1,PayPal
paypal,1,1,PayPal
paypal,1,1,PayPal
paypal,1,1,PayPal
facebook,1,1,Facebook
paypal,1,1,PayPal
american express,1,0,benign
facebook,1,1,Facebook
discover,1,1,Discover
paypal,1,0,benign
linkedin corporation,1,1,LinkedIn Corporation
rakuten,1,1,Rakuten
paypal,1,1,PayPal
dhl,1,1,DHL Airways
sparkasse bank,1,1,Sparkasse Bank
paypal,1,1,PayPal
netflix,1,0,benign
paypal,1,0,benign
paypal,1,1,PayPal
amazon,1,1,Amazon
paypal,1,1,PayPal
dhl,1,1,DHL Airways
paypal,1,1,PayPal
office365,1,1,Microsoft
paypal,1,1,PayPal
office365,1,1,Microsoft
amazon,1,1,Amazon
paypal,1,1,PayPal
office365,1,1,Microsoft
office365,1,1,Microsoft
orange,1,1,Orange
google,1,1,Google
paypal,1,1,PayPal
amazon,1,1,Amazon
gmx mail,1,1,GMX Mail
ebay,1,1,eBay
office365,1,0,benign
dhl,1,1,DHL Airways
deutsche telekom,1,0,benign
paypal,1,1,PayPal
steam,1,1,Steam
paypal,1,0,benign
netflix,1,1,Netflix
office365,1,1,Microsoft
office365,1,0,benign
linkedin corporation,1,1,LinkedIn Corporation
sparkasse bank,1,1,Sparkasse Bank
natwest personal banking,1,1,NatWest Personal Banking
amazon,1,1,Amazon
paypal,1,1,PayPal
paypal,1,1,PayPal
paypal,1,1,PayPal
u.s. bank,1,1,U.S. Bank
paypal,1,1,PayPal
citrix sharefile,1,0,benign
paypal,1,1,PayPal
paypal,1,1,PayPal
paypal,1,1,PayPal
linkedin corporation,1,1,LinkedIn Corporation
deutsche telekom,1,0,benign
paypal,1,1,PayPal
orange,1,0,benign
netflix,1,1,Netflix
office365,1,0,benign
at&t,1,1,AT&T
paypal,1,1,PayPal
paypal,1,1,PayPal
amazon,1,1,Amazon
paypal,1,1,PayPal
paypal,1,1,PayPal
netflix,1,0,benign
amazon,1,1,Amazon
paypal,1,1,PayPal
paypal,1,0,benign
netflix,1,1,Netflix
office365,1,1,Microsoft
itau unibanco s.a,1,1,Itau Unibanco S.A
1&1 ionos,1,0,benign
amazon,1,1,Amazon
dhl,1,1,DHL Airways
paypal,1,1,PayPal
ebay,1,1,eBay
paypal,1,1,PayPal
itau unibanco s.a,1,1,Itau Unibanco S.A
office365,1,1,Microsoft
office365,1,0,benign
runescape,1,1,RuneScape
paypal,1,1,PayPal
linkedin corporation,1,1,LinkedIn Corporation
office365,1,0,benign
sparkasse bank,1,1,Sparkasse Bank
amazon,1,0,benign
office365,1,0,benign
at&t,1,1,AT&T
amazon,1,1,Amazon
steam,1,1,Steam
paypal,1,1,PayPal
facebook,1,1,Facebook
american express,1,1,American Express
dhl,1,1,DHL Airways
orange,1,0,benign
paypal,1,1,PayPal
paypal,1,1,PayPal
facebook,1,1,Facebook
at&t,1,0,benign
office365,1,1,Microsoft
paypal,1,0,benign
ooredoo qsc,1,1,Ooredoo QSC
paypal,1,1,PayPal
netflix,1,1,Netflix
office365,1,1,Microsoft
amazon,1,1,Amazon
steam,1,1,Steam
linkedin corporation,1,1,LinkedIn Corporation
dhl,1,1,DHL Airways
dhl,1,1,DHL Airways
natwest personal banking,1,0,benign
paypal,1,1,PayPal
paypal,1,1,PayPal
paypal,1,1,PayPal
paypal,1,1,PayPal
paypal,1,1,PayPal
paypal,1,1,PayPal
paypal,1,1,PayPal
facebook,1,1,Facebook
office365,1,1,Microsoft
paypal,1,1,PayPal
linkedin corporation,1,1,LinkedIn Corporation
itau unibanco s.a,1,1,Itau Unibanco S.A
facebook,1,1,Facebook
paypal,1,1,PayPal
paypal,1,0,benign
paypal,1,1,PayPal
office365,1,1,Microsoft
facebook,1,1,Facebook
paypal,1,1,PayPal
u.s. bank,1,1,U.S. Bank
deutsche telekom,1,1,Deutsche Telekom
paypal,1,0,benign
visa international service association,1,0,benign
paypal,1,1,PayPal
adp,1,0,benign
office365,1,1,Microsoft
giffgaff,1,0,benign
1&1 ionos,1,1,1&1 Ionos
paypal,1,1,PayPal
paypal,1,1,PayPal
yahoo!,1,1,Yahoo!
orange,1,0,benign
paypal,1,1,PayPal
paypal,1,1,PayPal
paypal,1,1,PayPal
ebay,1,1,eBay
visa international service association,1,1,Visa International Service Association
office365,1,1,Microsoft
rakuten,1,1,Rakuten
capital_one,1,1,Capital One Financial Corporation
paypal,1,1,PayPal
netflix,1,1,Netflix
facebook,1,1,Facebook
itau unibanco s.a,1,1,Itau Unibanco S.A
facebook,1,1,Facebook
paypal,1,1,PayPal
netflix,1,1,Netflix
grupo santander,1,1,Grupo Santander
office365,1,1,Microsoft
netflix,1,0,benign
paypal,1,1,PayPal
paypal,1,1,PayPal
office365,1,0,benign
paypal,1,1,PayPal
facebook,1,0,benign
rakuten,1,1,Rakuten
at&t,1,0,benign
paypal,1,1,PayPal
paypal,1,1,PayPal
facebook,1,1,Facebook
paypal,1,1,PayPal
dhl,1,1,DHL Airways
paypal,1,1,PayPal
runescape,1,0,benign
netflix,1,0,benign
asb bank limited,1,1,ASB Bank Limited
paypal,1,1,PayPal
paypal,1,1,PayPal
paypal,1,1,PayPal
office365,1,1,Microsoft
amazon,1,1,Amazon
facebook,1,1,Facebook
office365,1,1,Microsoft
db,1,1,Deutsche Bank AG
paypal,1,1,PayPal
ebay,1,1,eBay
paypal,1,1,PayPal
paypal,1,1,PayPal
paypal,1,1,PayPal
paypal,1,1,PayPal
netflix,1,0,benign
orange,1,0,benign
runescape,1,1,RuneScape
office365,1,1,Microsoft
office365,1,1,Microsoft
netflix,1,1,Netflix
ebay,1,1,eBay
at&t,1,1,AT&T
facebook,1,0,benign
office365,1,1,Microsoft
paypal,1,1,PayPal
linkedin corporation,1,1,LinkedIn Corporation
office365,1,1,Microsoft
paypal,1,0,benign
paypal,1,1,PayPal
at&t,1,1,AT&T
paypal,1,1,PayPal
paypal,1,0,benign
office365,1,1,Microsoft
paypal,1,0,benign
dhl,1,0,benign
yahoo!,1,1,Yahoo!
dhl,1,1,DHL Airways
linkedin corporation,1,1,LinkedIn Corporation
rakuten,1,1,Rakuten
made-in-china,1,0,benign
office365,1,0,benign
paypal,1,1,PayPal
google,1,1,Google
paypal,1,1,PayPal
facebook,1,1,Facebook
paypal,1,0,benign
office365,1,1,Microsoft
rakuten,1,1,Rakuten
facebook,1,0,benign
paypal,1,1,PayPal
itau unibanco s.a,1,1,Itau Unibanco S.A
netflix,1,1,Netflix
office365,1,1,Microsoft
amazon,1,1,Amazon
runescape,1,1,RuneScape
american express,1,1,American Express
rakuten,1,1,Rakuten
paypal,1,1,PayPal
match,1,1,Match
aol,1,1,AOL
paypal,1,1,PayPal
paypal,1,1,PayPal
facebook,1,1,Facebook
office365,1,1,Microsoft
yahoo!,1,1,Yahoo!
office365,1,0,benign
paypal,1,1,PayPal
1&1 ionos,1,1,1&1 Ionos
linkedin corporation,1,1,LinkedIn Corporation
office365,1,1,Microsoft
office365,1,0,benign
amazon,1,1,Amazon
rakuten,1,1,Rakuten
amazon,1,1,Amazon
linkedin corporation,1,1,LinkedIn Corporation
facebook,1,1,Facebook
paypal,1,1,PayPal
google,1,0,benign
facebook,1,1,Facebook
google,1,1,Google
citrix sharefile,1,1,Citrix ShareFile
amazon,1,1,Amazon
dhl,1,1,DHL Airways
dhl,1,1,DHL Airways
paypal,1,1,PayPal
paypal,1,0,benign
office365,1,1,Microsoft
paypal,1,1,PayPal
facebook,1,0,benign
orange,1,1,Orange
dhl,1,1,DHL Airways
dhl,1,1,DHL Airways
paypal,1,1,PayPal
paypal,1,1,PayPal
amazon,1,1,Amazon
office365,1,1,Microsoft
netflix,1,1,Netflix
dhl,1,1,DHL Airways
paypal,1,1,PayPal
at&t,1,1,AT&T
paypal,1,1,PayPal
office365,1,1,Microsoft
1&1 ionos,1,1,1&1 Ionos
dhl,1,1,DHL Airways
paypal,1,0,benign
itau unibanco s.a,1,1,Itau Unibanco S.A
paypal,1,1,PayPal
paypal,1,1,PayPal
paypal,1,1,PayPal
facebook,1,0,benign
facebook,1,1,Facebook
paypal,1,1,PayPal
made-in-china,1,1,Made-In-China
steam,1,1,Steam
paypal,1,1,PayPal
u.s. bank,1,1,U.S. Bank
rakuten,1,1,Rakuten
paypal,1,1,PayPal
match,1,1,Match
office365,1,1,Microsoft
paypal,1,1,PayPal
facebook,1,0,benign
paypal,1,1,PayPal
linkedin corporation,1,1,LinkedIn Corporation
dhl,1,1,DHL Airways
paypal,1,1,PayPal
american express,1,0,benign
netflix,1,1,Netflix
office365,1,1,Microsoft
"twitter, inc",1,0,benign
netflix,1,0,benign
office365,1,1,Microsoft
paypal,1,1,PayPal
paypal,1,1,PayPal
banco de chile,1,0,benign
made-in-china,1,1,Made-In-China
facebook,1,1,Facebook
amazon,1,1,Amazon
paypal,1,1,PayPal
runescape,1,1,RuneScape
rakuten,1,1,Rakuten
paypal,1,1,PayPal
paypal,1,1,PayPal
paypal,1,1,PayPal
netflix,1,1,Netflix
paypal,1,1,PayPal
facebook,1,1,Facebook
itau unibanco s.a,1,1,Itau Unibanco S.A
paypal,1,1,PayPal
paypal,1,1,PayPal
paypal,1,1,PayPal
itau unibanco s.a,1,1,Itau Unibanco S.A
paypal,1,1,PayPal
office365,1,1,Microsoft
paypal,1,0,benign
paypal,1,1,PayPal
dhl,1,1,DHL Airways
paypal,1,1,PayPal
facebook,1,1,Facebook
discover,1,1,Discover
paypal,1,1,PayPal
rakuten,1,1,Rakuten
paypal,1,1,PayPal
match,1,1,Match
giffgaff,1,1,Giffgaff
paypal,1,1,PayPal
paypal,1,1,PayPal
steam,1,1,Steam
paypal,1,1,PayPal
paypal,1,1,PayPal
office365,1,1,Microsoft
office365,1,1,Microsoft
linkedin corporation,1,1,LinkedIn Corporation
google,1,1,Google
amazon,1,1,Amazon
paypal,1,1,PayPal
amazon,1,1,Amazon
paypal,1,1,PayPal
runescape,1,0,benign
ebay,1,0,benign
paypal,1,1,PayPal
paypal,1,1,PayPal
yahoo!,1,1,Yahoo!
office365,1,1,Microsoft
vkontakte,1,0,benign
citrix sharefile,1,1,Citrix ShareFile
paypal,1,1,PayPal
paypal,1,1,PayPal
itau unibanco s.a,1,1,Itau Unibanco S.A
asb bank limited,1,1,ASB Bank Limited
amazon,1,1,Amazon
facebook,1,0,benign
paypal,1,0,benign
facebook,1,1,Facebook
paypal,1,1,PayPal
facebook,1,0,benign
paypal,1,1,PayPal
paypal,1,1,PayPal
office365,1,1,Microsoft
paypal,1,1,PayPal
orange,1,1,Orange
paypal,1,1,PayPal
facebook,1,1,Facebook
netflix,1,1,Netflix
at&t,1,1,AT&T
steam,1,1,Steam
amazon,1,1,Amazon
netflix,1,1,Netflix
office365,1,1,Microsoft
itau unibanco s.a,1,1,Itau Unibanco S.A
paypal,1,1,PayPal
paypal,1,1,PayPal
office365,1,1,Microsoft
at&t,1,1,AT&T
navy federal credit union,1,1,Navy Federal Credit Union
dhl,1,1,DHL Airways
linkedin corporation,1,1,LinkedIn Corporation
facebook,1,1,Facebook
netflix,1,1,Netflix
paypal,1,1,PayPal
facebook,1,1,Facebook
facebook,1,1,Facebook
itau unibanco s.a,1,1,Itau Unibanco S.A
office365,1,1,Microsoft
rakuten,1,1,Rakuten
yahoo!,1,1,Yahoo!
paypal,1,1,PayPal
office365,1,1,Microsoft
orange,1,1,Orange
paypal,1,1,PayPal
linkedin corporation,1,1,LinkedIn Corporation
international card services b.v,1,1,International Card Services B.V
autoscout24,1,1,AutoScout24
paypal,1,1,PayPal
paypal,1,1,PayPal
paypal,1,1,PayPal
amazon,1,1,Amazon
rakuten,1,1,Rakuten
office365,1,1,Microsoft
netflix,1,1,Netflix
office365,1,0,benign
paypal,1,1,PayPal
1&1 ionos,1,1,1&1 Ionos
netflix,1,1,Netflix
paypal,1,1,PayPal
raiffeisen bank s.a,1,1,Raiffeisen Bank S.A.
paypal,1,1,PayPal
1&1 ionos,1,1,1&1 Ionos
paypal,1,1,PayPal
netflix,1,1,Netflix
netflix,1,1,Netflix
linkedin corporation,1,0,benign
netflix,1,1,Netflix
hsbc bank,1,1,HSBC Bank
office365,1,1,Microsoft
paypal,1,1,PayPal
at&t,1,1,AT&T
paypal,1,1,PayPal
paypal,1,1,PayPal
paypal,1,1,PayPal
visa international service association,1,1,Visa International Service Association
paypal,1,1,PayPal
office365,1,1,Microsoft
orange,1,1,Orange
raiffeisen bank s.a,1,1,Raiffeisen Bank S.A.
paypal,1,1,PayPal
paypal,1,1,PayPal
paypal,1,1,PayPal
office365,1,1,Microsoft
ebay,1,1,eBay
paypal,1,0,benign
office365,1,1,Microsoft
paypal,1,1,PayPal
paypal,1,1,PayPal
paypal,1,1,PayPal
paypal,1,1,PayPal
office365,1,1,Microsoft
paypal,1,1,PayPal
made-in-china,1,1,Made-In-China
paypal,1,1,PayPal
facebook,1,0,benign
paypal,1,1,PayPal
dhl,1,1,DHL Airways
paypal,1,1,PayPal
netflix,1,1,Netflix
office365,1,1,Microsoft
paypal,1,1,PayPal
facebook,1,1,Facebook
navy federal credit union,1,1,Navy Federal Credit Union
facebook,1,1,Facebook
steam,1,1,Steam
facebook,1,1,Facebook
steam,1,1,Steam
office365,1,1,Microsoft
facebook,1,1,Facebook
dhl,1,1,DHL Airways
facebook,1,0,benign
vodafone,1,1,Vodafone
dhl,1,1,DHL Airways
office365,1,1,Microsoft
linkedin corporation,1,1,LinkedIn Corporation
at&t,1,1,AT&T
facebook,1,1,Facebook
facebook,1,1,Facebook
linkedin corporation,1,1,LinkedIn Corporation
at&t,1,1,AT&T
office365,1,1,Microsoft
amazon,1,1,Amazon
natwest personal banking,1,1,NatWest Personal Banking
yahoo!,1,1,Yahoo!
orange,1,0,benign
dhl,1,1,DHL Airways
itau unibanco s.a,1,0,benign
office365,1,1,Microsoft
paypal,1,1,PayPal
paypal,1,1,PayPal
linkedin corporation,1,1,LinkedIn Corporation
steam,1,1,Steam
facebook,1,0,benign
facebook,1,1,Facebook
amazon,1,1,Amazon
paypal,1,1,PayPal
paypal,1,0,benign
dhl,1,1,DHL Airways
office365,1,1,Microsoft
bcp,1,0,benign
paypal,1,1,PayPal
paypal,1,1,PayPal
amazon,1,1,Amazon
paypal,1,1,PayPal
paypal,1,1,PayPal
office365,1,0,benign
yahoo!,1,1,Yahoo!
"twitter, inc",1,0,benign
1&1 ionos,1,1,1&1 Ionos
facebook,1,1,Facebook
deutsche telekom,1,1,Deutsche Telekom
paypal,1,1,PayPal
naver,1,1,Naver
amazon,1,1,Amazon
linkedin corporation,1,1,LinkedIn Corporation
paypal,1,1,PayPal
paypal,1,1,PayPal
google,1,1,Google
amazon,1,0,benign
linkedin corporation,1,1,LinkedIn Corporation
office365,1,0,benign
paypal,1,1,PayPal
paypal,1,1,PayPal
paypal,1,1,PayPal
match,1,1,Match
netflix,1,1,Netflix
paypal,1,1,PayPal
match,1,1,Match
office365,1,1,Microsoft
paypal,1,1,PayPal
ebay,1,1,eBay
office365,1,1,Microsoft
office365,1,1,Microsoft
paypal,1,1,PayPal
office365,1,1,Microsoft
netflix,1,1,Netflix
office365,1,1,Microsoft
paypal,1,1,PayPal
ebay,1,1,eBay
amazon,1,1,Amazon
office365,1,0,benign
facebook,1,1,Facebook
paypal,1,1,PayPal
paypal,1,1,PayPal
google,1,1,Google
office365,1,1,Microsoft
office365,1,1,Microsoft
made-in-china,1,1,Made-In-China
orange,1,1,Orange
frontier communications,1,1,Frontier Communications
office365,1,0,benign
office365,1,0,benign
paypal,1,1,PayPal
1&1 ionos,1,1,1&1 Ionos
linkedin corporation,1,1,LinkedIn Corporation
linkedin corporation,1,0,benign
amazon,1,1,Amazon
itau unibanco s.a,1,1,Itau Unibanco S.A
paypal,1,1,PayPal
office365,1,1,Microsoft
paypal,1,1,PayPal
paypal,1,1,PayPal
netflix,1,1,Netflix
paypal,1,1,PayPal
google,1,1,Google
paypal,1,1,PayPal
office365,1,1,Microsoft
amazon,1,1,Amazon
dhl,1,1,DHL Airways
itau unibanco s.a,1,1,Itau Unibanco S.A
dhl,1,1,DHL Airways
facebook,1,1,Facebook
runescape,1,1,RuneScape
gmx mail,1,1,GMX Mail
dhl,1,1,DHL Airways
paypal,1,1,PayPal
paypal,1,1,PayPal
at&t,1,1,AT&T
yahoo!,1,1,Yahoo!
office365,1,1,Microsoft
paypal,1,1,PayPal
paypal,1,1,PayPal
paypal,1,1,PayPal
netflix,1,1,Netflix
sns bank n.v,1,1,SNS Bank N.V
linkedin corporation,1,0,benign
paypal,1,1,PayPal
paypal,1,1,PayPal
amazon,1,1,Amazon
netflix,1,1,Netflix
itau unibanco s.a,1,1,Itau Unibanco S.A
office365,1,1,Microsoft
netflix,1,1,Netflix
yahoo!,1,1,Yahoo!
runescape,1,1,RuneScape
linkedin corporation,1,1,LinkedIn Corporation
paypal,1,1,PayPal
office365,1,1,Microsoft
office365,1,1,Microsoft
ubs ag,1,0,benign
paypal,1,1,PayPal
amazon,1,1,Amazon
netflix,1,0,benign
discover,1,1,Discover
google,1,1,Google
paypal,1,1,PayPal
sns bank n.v,1,1,SNS Bank N.V
steam,1,1,Steam
paypal,1,1,PayPal
paypal,1,1,PayPal
office365,1,1,Microsoft
paypal,1,1,PayPal
paypal,1,1,PayPal
paypal,1,1,PayPal
paypal,1,1,PayPal
dhl,1,1,DHL Airways
office365,1,1,Microsoft
rakuten,1,1,Rakuten
paypal,1,1,PayPal
international card services b.v,1,1,International Card Services B.V
paypal,1,1,PayPal
paypal,1,1,PayPal
paypal,1,1,PayPal
netflix,1,1,Netflix
dhl,1,1,DHL Airways
aol,1,1,AOL
office365,1,1,Microsoft
ebay,1,1,eBay
paypal,1,1,PayPal
paypal,1,1,PayPal
paypal,1,1,PayPal
at&t,1,1,AT&T
at&t,1,1,AT&T
office365,1,1,Microsoft
db,1,1,Deutsche Bank AG
office365,1,1,Microsoft
paypal,1,1,PayPal
facebook,1,1,Facebook
paypal,1,1,PayPal
netflix,1,0,benign
paypal,1,1,PayPal
paypal,1,1,PayPal
orange,1,0,benign
iinet limited,1,0,benign
linkedin corporation,1,1,LinkedIn Corporation
orange,1,1,Orange
adp,1,0,benign
runescape,1,1,RuneScape
amazon,1,1,Amazon
linkedin corporation,1,1,LinkedIn Corporation
ebay,1,1,eBay
paypal,1,1,PayPal
office365,1,1,Microsoft
ebay,1,1,eBay
steam,1,1,Steam
db,1,1,Deutsche Bank AG
runescape,1,1,RuneScape
paypal,1,1,PayPal
office365,1,0,benign
facebook,1,0,benign
paypal,1,1,PayPal
paypal,1,1,PayPal
paypal,1,0,benign
runescape,1,1,RuneScape
dhl,1,1,DHL Airways
paypal,1,1,PayPal
yahoo!,1,1,Yahoo!
facebook,1,1,Facebook
1&1 ionos,1,1,1&1 Ionos
amazon,1,1,Amazon
paypal,1,1,PayPal
netflix,1,1,Netflix
netflix,1,0,benign
match,1,1,Match
facebook,1,1,Facebook
paypal,1,1,PayPal
facebook,1,0,benign
paypal,1,1,PayPal
office365,1,1,Microsoft
navy federal credit union,1,1,Navy Federal Credit Union
orange,1,1,Orange
paypal,1,1,PayPal
orange,1,0,benign
office365,1,1,Microsoft
office365,1,1,Microsoft
netflix,1,1,Netflix
paypal,1,1,PayPal
paypal,1,1,PayPal
office365,1,0,benign
office365,1,1,Microsoft
ebay,1,1,eBay
steam,1,1,Steam
match,1,1,Match
office365,1,1,Microsoft
amazon,1,1,Amazon
paypal,1,1,PayPal
paypal,1,1,PayPal
steam,1,1,Steam
facebook,1,0,benign
paypal,1,1,PayPal
office365,1,1,Microsoft
paypal,1,1,PayPal
orange,1,1,Orange
office365,1,1,Microsoft
paypal,1,1,PayPal
paypal,1,1,PayPal
facebook,1,1,Facebook
dhl,1,1,DHL Airways
netflix,1,1,Netflix
dhl,1,1,DHL Airways
facebook,1,1,Facebook
amazon,1,1,Amazon
paypal,1,1,PayPal
facebook,1,1,Facebook
office365,1,1,Microsoft
linkedin corporation,1,1,LinkedIn Corporation
office365,1,1,Microsoft
office365,1,0,benign
netflix,1,1,Netflix
amazon,1,1,Amazon
dhl,1,1,DHL Airways
paypal,1,1,PayPal
paypal,1,1,PayPal
amazon,1,1,Amazon
linkedin corporation,1,1,LinkedIn Corporation
google,1,0,benign
vkontakte,1,0,benign
netflix,1,1,Netflix
office365,1,0,benign
paypal,1,1,PayPal
facebook,1,1,Facebook
linkedin corporation,1,1,LinkedIn Corporation
bcp,1,1,bcp
facebook,1,1,Facebook
amazon,1,1,Amazon
yahoo!,1,1,Yahoo!
dhl,1,1,DHL Airways
sns bank n.v,1,1,SNS Bank N.V
at&t,1,1,AT&T
paypal,1,1,PayPal
office365,1,1,Microsoft
paypal,1,1,PayPal
steam,1,1,Steam
paypal,1,1,PayPal
netflix,1,1,Facebook
visa international service association,1,0,benign
facebook,1,0,benign
autoscout24,1,0,benign
paypal,1,1,PayPal
paypal,1,1,PayPal
paypal,1,1,PayPal
itau unibanco s.a,1,1,Itau Unibanco S.A
rakuten,1,1,Rakuten
paypal,1,1,PayPal
netflix,1,1,Netflix
banco de chile,1,0,benign
paypal,1,1,PayPal
paypal,1,1,PayPal
bcp,1,0,benign
netflix,1,1,Netflix
steam,1,1,Steam
ooredoo qsc,1,1,Ooredoo QSC
paypal,1,1,PayPal
orange,1,1,Orange
paypal,1,0,benign
aol,1,1,AOL
orange,1,0,benign
paypal,1,1,PayPal
netflix,1,0,benign
paypal,1,1,PayPal
facebook,1,0,benign
itau unibanco s.a,1,1,Itau Unibanco S.A
1&1 ionos,1,1,1&1 Ionos
office365,1,1,Microsoft
paypal,1,1,PayPal
amazon,1,1,Amazon
linkedin corporation,1,1,LinkedIn Corporation
facebook,1,1,Facebook
paypal,1,1,PayPal
ebay,1,1,eBay
office365,1,0,benign
paypal,1,1,PayPal
paypal,1,1,PayPal
paypal,1,1,PayPal
paypal,1,1,PayPal
facebook,1,1,Facebook
office365,1,0,benign
1&1 ionos,1,1,1&1 Ionos
yahoo!,1,1,Yahoo!
paypal,1,1,PayPal
office365,1,1,Microsoft
paypal,1,1,PayPal
ebay,1,1,eBay
ebay,1,1,eBay
paypal,1,1,PayPal
paypal,1,1,PayPal
paypal,1,1,PayPal
paypal,1,1,PayPal
paypal,1,1,PayPal
paypal,1,0,benign
netflix,1,1,Netflix
office365,1,1,Microsoft
office365,1,0,benign
paypal,1,1,PayPal
itau unibanco s.a,1,1,Itau Unibanco S.A
office365,1,0,benign
facebook,1,0,benign
linkedin corporation,1,1,LinkedIn Corporation
dhl,1,1,DHL Airways
facebook,1,1,Facebook
facebook,1,1,Facebook
paypal,1,1,PayPal
paypal,1,1,PayPal
office365,1,1,Microsoft
office365,1,1,Microsoft
office365,1,1,Microsoft
linkedin corporation,1,1,LinkedIn Corporation
paypal,1,1,PayPal
facebook,1,1,Facebook
1&1 ionos,1,1,1&1 Ionos
facebook,1,0,benign
raiffeisen bank s.a,1,0,benign
office365,1,1,Microsoft
runescape,1,1,RuneScape
grupo santander,1,1,Grupo Santander
yahoo!,1,1,Yahoo!
office365,1,1,Microsoft
office365,1,1,Microsoft
netflix,1,1,Netflix
runescape,1,0,benign
paypal,1,1,PayPal
paypal,1,1,PayPal
paypal,1,0,benign
office365,1,0,benign
office365,1,0,benign
paypal,1,1,PayPal
itau unibanco s.a,1,1,Itau Unibanco S.A
grupo santander,1,1,Grupo Santander
paypal,1,1,PayPal
facebook,1,1,Facebook
ubs ag,1,0,benign
facebook,1,1,Facebook
facebook,1,0,benign
at&t,1,1,AT&T
paypal,1,1,PayPal
raiffeisen bank s.a,1,0,benign
runescape,1,1,RuneScape
office365,1,1,Microsoft
paypal,1,1,PayPal
paypal,1,1,PayPal
office365,1,0,benign
paypal,1,1,PayPal
yahoo!,1,1,Yahoo!
paypal,1,1,PayPal
paypal,1,1,PayPal
paypal,1,1,PayPal
facebook,1,1,Facebook
1&1 ionos,1,1,1&1 Ionos
linkedin corporation,1,1,LinkedIn Corporation
facebook,1,0,benign
netflix,1,1,Netflix
runescape,1,1,RuneScape
netflix,1,1,Netflix
paypal,1,1,PayPal
runescape,1,0,benign
paypal,1,1,PayPal
paypal,1,1,PayPal
office365,1,1,Microsoft
visa international service association,1,1,Visa International Service Association
paypal,1,0,benign
runescape,1,1,RuneScape
amazon,1,1,Amazon
office365,1,1,Microsoft
paypal,1,1,PayPal
orange,1,1,Orange
netflix,1,1,Netflix
google,1,1,Google
orange,1,0,benign
orange,1,1,Orange
office365,1,1,Microsoft
paypal,1,1,PayPal
dhl,1,1,DHL Airways
paypal,1,1,PayPal
raiffeisen bank s.a,1,1,Raiffeisen Bank S.A.
office365,1,1,Microsoft
paypal,1,1,PayPal
linkedin corporation,1,1,LinkedIn Corporation
paypal,1,1,PayPal
dhl,1,1,DHL Airways
orange,1,0,benign
netflix,1,1,Netflix
paypal,1,1,PayPal
linkedin corporation,1,1,LinkedIn Corporation
office365,1,0,benign
linkedin corporation,1,1,LinkedIn Corporation
paypal,1,1,PayPal
at&t,1,1,AT&T
runescape,1,0,benign
paypal,1,1,PayPal
facebook,1,0,benign
office365,1,1,Microsoft
paypal,1,1,PayPal
ebay,1,1,eBay
netflix,1,1,Netflix
1&1 ionos,1,1,1&1 Ionos
google,1,1,Google
office365,1,0,benign
paypal,1,1,PayPal
made-in-china,1,0,benign
yahoo!,1,1,Yahoo!
office365,1,0,benign
1&1 ionos,1,1,1&1 Ionos
linkedin corporation,1,1,LinkedIn Corporation
amazon,1,1,Amazon
dhl,1,1,DHL Airways
orange,1,1,Orange
paypal,1,1,PayPal
paypal,1,0,benign
u.s. bank,1,1,U.S. Bank
office365,1,1,Microsoft
office365,1,1,Microsoft
amazon,1,1,Amazon
linkedin corporation,1,1,LinkedIn Corporation
facebook,1,1,Facebook
paypal,1,1,PayPal
paypal,1,1,PayPal
amazon,1,1,Amazon
steam,1,1,Steam
office365,1,1,Microsoft
linkedin corporation,1,1,LinkedIn Corporation
paypal,1,1,PayPal
paypal,1,1,PayPal
yahoo!,1,1,Yahoo!
netflix,1,1,Netflix
paypal,1,1,PayPal
itau unibanco s.a,1,1,Itau Unibanco S.A
netflix,1,1,Netflix
paypal,1,1,PayPal
paypal,1,1,PayPal
paypal,1,1,PayPal
netflix,1,1,Netflix
facebook,1,1,Facebook
paypal,1,1,PayPal
office365,1,1,Microsoft
dhl,1,1,DHL Airways
paypal,1,1,PayPal
dhl,1,1,DHL Airways
paypal,1,1,PayPal
paypal,1,1,PayPal
office365,1,1,Microsoft
dhl,1,1,DHL Airways
u.s. bank,1,1,U.S. Bank
paypal,1,1,PayPal
"twitter, inc",1,0,benign
match,1,1,Match
paypal,1,1,PayPal
gmx mail,1,1,GMX Mail
rakuten,1,1,Rakuten
amazon,1,1,Amazon
paypal,1,1,PayPal
amazon,1,1,Amazon
paypal,1,1,PayPal
netflix,1,1,Netflix
paypal,1,1,PayPal
dhl,1,1,DHL Airways
paypal,1,1,PayPal
amazon,1,1,Amazon
aol,1,1,AOL
office365,1,1,Microsoft
amazon,1,1,Amazon
paypal,1,1,PayPal
dhl,1,1,DHL Airways
facebook,1,1,Facebook
asb bank limited,1,1,ASB Bank Limited
vkontakte,1,0,benign
dhl,1,1,DHL Airways
itau unibanco s.a,1,1,Itau Unibanco S.A
paypal,1,1,PayPal
paypal,1,1,PayPal
yahoo!,1,1,Yahoo!
paypal,1,1,PayPal
office365,1,1,Microsoft
ebay,1,1,eBay
office365,1,1,Microsoft
office365,1,1,Microsoft
linkedin corporation,1,1,LinkedIn Corporation
asb bank limited,1,1,ASB Bank Limited
paypal,1,1,PayPal
paypal,1,1,PayPal
paypal,1,1,PayPal
dhl,1,1,DHL Airways
paypal,1,1,PayPal
facebook,1,1,Facebook
paypal,1,1,PayPal
orange,1,1,Orange
runescape,1,0,benign
paypal,1,1,PayPal
paypal,1,1,PayPal
paypal,1,1,PayPal
dhl,1,1,DHL Airways
office365,1,1,Microsoft
office365,1,1,Microsoft
amazon,1,1,Amazon
netflix,1,1,Netflix
paypal,1,1,PayPal
paypal,1,1,PayPal
dhl,1,1,DHL Airways
paypal,1,1,PayPal
yahoo!,1,1,Yahoo!
linkedin corporation,1,1,LinkedIn Corporation
paypal,1,1,PayPal
paypal,1,1,PayPal
fifth third bank,1,1,Fifth Third Bank
paypal,1,1,PayPal
orange,1,0,benign
asb bank limited,1,1,ASB Bank Limited
facebook,1,1,Facebook
paypal,1,1,PayPal
office365,1,1,Microsoft
office365,1,1,Microsoft
linkedin corporation,1,1,LinkedIn Corporation
netflix,1,1,Netflix
paypal,1,1,PayPal
sns bank n.v,1,1,SNS Bank N.V
paypal,1,1,PayPal
office365,1,1,Microsoft
netflix,1,1,Netflix
steam,1,1,Steam
office365,1,1,Microsoft
office365,1,1,Microsoft
office365,1,1,Microsoft
paypal,1,1,PayPal
autoscout24,1,1,AutoScout24
amazon,1,1,Amazon
national bank of canada,1,1,National Bank of Canada
paypal,1,1,PayPal
dhl,1,1,DHL Airways
facebook,1,1,Facebook
paypal,1,1,PayPal
yahoo!,1,1,Yahoo!
steam,1,1,Steam
1&1 ionos,1,1,1&1 Ionos
paypal,1,1,PayPal
paypal,1,1,PayPal
paypal,1,1,PayPal
u.s. bank,1,1,U.S. Bank
dhl,1,1,DHL Airways
orange,1,1,Orange
office365,1,1,Microsoft
office365,1,1,Microsoft
rakuten,1,1,Rakuten
paypal,1,1,PayPal
paypal,1,1,PayPal
paypal,1,1,PayPal
google,1,1,Google
paypal,1,1,PayPal
banco de chile,1,0,benign
facebook,1,1,Facebook
office365,1,1,Microsoft
paypal,1,1,PayPal
google,1,1,Google
paypal,1,1,PayPal
paypal,1,1,PayPal
dhl,1,1,DHL Airways
google,1,1,Google
paypal,1,1,PayPal
facebook,1,1,Facebook
paypal,1,1,PayPal
office365,1,1,Microsoft
paypal,1,1,PayPal
dhl,1,1,DHL Airways
amazon,1,1,Amazon
netflix,1,1,Netflix
netflix,1,0,benign
rakuten,1,1,Rakuten
orange,1,0,benign
paypal,1,1,PayPal
dhl,1,1,DHL Airways
1&1 ionos,1,1,1&1 Ionos
office365,1,1,Microsoft
paypal,1,1,PayPal
amazon,1,1,Amazon
office365,1,1,Microsoft
office365,1,1,Microsoft
orange,1,0,benign
aol,1,1,AOL
paypal,1,1,PayPal
amazon,1,1,Amazon
itau unibanco s.a,1,1,Itau Unibanco S.A
paypal,1,1,PayPal
netflix,1,1,Netflix
dhl,1,1,DHL Airways
linkedin corporation,1,1,LinkedIn Corporation
paypal,1,1,PayPal
vodafone,1,0,benign
paypal,1,1,PayPal
facebook,1,0,benign
linkedin corporation,1,1,LinkedIn Corporation
asb bank limited,1,1,ASB Bank Limited
office365,1,1,Microsoft
amazon,1,1,Amazon
paypal,1,1,PayPal
facebook,1,1,Facebook
at&t,1,1,AT&T
paypal,1,1,PayPal
yahoo!,1,1,Yahoo!
office365,1,1,Microsoft
ebay,1,1,eBay
dhl,1,1,DHL Airways
paypal,1,1,PayPal
itau unibanco s.a,1,1,Itau Unibanco S.A
paypal,1,1,PayPal
amazon,1,1,Amazon
paypal,1,1,PayPal
facebook,1,1,Facebook
office365,1,1,Microsoft
rakuten,1,1,Rakuten
netflix,1,1,Netflix
at&t,1,1,AT&T
office365,1,0,benign
office365,1,1,Microsoft
paypal,1,1,PayPal
paypal,1,1,PayPal
office365,1,1,Microsoft
dhl,1,1,DHL Airways
paypal,1,1,PayPal
paypal,1,1,PayPal
amazon,1,1,Amazon
paypal,1,0,benign
yahoo!,1,1,Yahoo!
facebook,1,1,Facebook
office365,1,1,Microsoft
facebook,1,1,Facebook
paypal,1,1,PayPal
paypal,1,1,PayPal
netflix,1,0,benign
dhl,1,1,DHL Airways
facebook,1,1,Facebook
paypal,1,1,PayPal
amazon,1,1,Amazon
office365,1,1,Microsoft
navy federal credit union,1,1,Navy Federal Credit Union
linkedin corporation,1,1,LinkedIn Corporation
yahoo!,1,1,Yahoo!
paypal,1,1,PayPal
paypal,1,1,PayPal
paypal,1,1,PayPal
paypal,1,1,PayPal
orange,1,1,Orange
office365,1,1,Microsoft
paypal,1,1,PayPal
linkedin corporation,1,1,LinkedIn Corporation
paypal,1,1,PayPal
paypal,1,1,PayPal
paypal,1,1,PayPal
yahoo!,1,1,Yahoo!
paypal,1,0,benign
office365,1,1,Microsoft
paypal,1,1,PayPal
rakuten,1,1,Rakuten
paypal,1,1,PayPal
office365,1,1,Microsoft
runescape,1,1,RuneScape
paypal,1,1,PayPal
linkedin corporation,1,1,LinkedIn Corporation
office365,1,1,Microsoft
linkedin corporation,1,1,LinkedIn Corporation
paypal,1,1,PayPal
orange,1,0,benign
yahoo!,1,1,Yahoo!
orange,1,0,benign
yahoo!,1,1,Yahoo!
office365,1,1,Microsoft
paypal,1,1,PayPal
office365,1,1,Microsoft
amazon,1,0,benign
at&t,1,1,AT&T
facebook,1,1,Facebook
raiffeisen bank s.a,1,0,benign
orange,1,0,benign
netflix,1,1,Netflix
paypal,1,1,PayPal
office365,1,1,Microsoft
paypal,1,1,PayPal
office365,1,1,Microsoft
paypal,1,1,PayPal
paypal,1,1,PayPal
yahoo!,1,1,Yahoo!
dhl,1,1,DHL Airways
paypal,1,1,PayPal
paypal,1,1,PayPal
paypal,1,1,PayPal
paypal,1,1,PayPal
paypal,1,1,PayPal
paypal,1,1,PayPal
google,1,1,Google
match,1,1,Match
netflix,1,1,Netflix
itau unibanco s.a,1,1,Itau Unibanco S.A
facebook,1,1,Facebook
yahoo!,1,1,Yahoo!
paypal,1,1,PayPal
paypal,1,1,PayPal
paypal,1,1,PayPal
amazon,1,1,Amazon
paypal,1,1,PayPal
paypal,1,1,PayPal
steam,1,1,Steam
rakuten,1,1,Rakuten
paypal,1,1,PayPal
amazon,1,1,Amazon
office365,1,1,Microsoft
amazon,1,1,Amazon
paypal,1,1,PayPal
office365,1,1,Microsoft
paypal,1,1,PayPal
deutsche telekom,1,1,Deutsche Telekom
ebay,1,1,eBay
facebook,1,1,Facebook
office365,1,0,benign
paypal,1,1,PayPal
u.s. bank,1,1,U.S. Bank
paypal,1,1,PayPal
paypal,1,1,PayPal
frontier communications,1,1,Frontier Communications
paypal,1,1,PayPal
paypal,1,1,PayPal
office365,1,1,Microsoft
facebook,1,1,Facebook
facebook,1,0,benign
paypal,1,1,PayPal
yahoo!,1,1,Yahoo!
google,1,1,Google
amazon,1,1,Amazon
facebook,1,1,Facebook
ebay,1,1,eBay
paypal,1,1,PayPal
office365,1,1,Microsoft
national bank of canada,1,1,National Bank of Canada
paypal,1,1,PayPal
paypal,1,1,PayPal
at&t,1,0,benign
office365,1,1,Microsoft
paypal,1,1,PayPal
dhl,1,1,DHL Airways
paypal,1,1,PayPal
dhl,1,1,DHL Airways
paypal,1,1,PayPal
office365,1,0,benign
paypal,1,1,PayPal
paypal,1,1,PayPal
yahoo!,1,1,Yahoo!
runescape,1,1,RuneScape
paypal,1,1,PayPal
yahoo!,1,1,Yahoo!
paypal,1,1,PayPal
netflix,1,0,benign
steam,1,1,Steam
paypal,1,0,benign
at&t,1,1,AT&T
paypal,1,1,PayPal
yahoo!,1,1,Yahoo!
rakuten,1,1,Rakuten
ebay,1,1,eBay
netflix,1,1,Netflix
paypal,1,1,PayPal
orange,1,0,benign
facebook,1,1,Facebook
office365,1,1,Microsoft
paypal,1,1,PayPal
amazon,1,0,benign
frontier communications,1,1,Frontier Communications
rakuten,1,1,Rakuten
dhl,1,1,DHL Airways
yahoo!,1,1,Yahoo!
netflix,1,1,Netflix
netflix,1,1,Netflix
discover,1,1,Discover
paypal,1,1,PayPal
paypal,1,1,PayPal
netflix,1,1,Netflix
paypal,1,1,PayPal
1&1 ionos,1,1,1&1 Ionos
office365,1,1,Microsoft
paypal,1,1,PayPal
amazon,1,1,Amazon
paypal,1,1,PayPal
amazon,1,1,Amazon
itau unibanco s.a,1,1,Itau Unibanco S.A
paypal,1,0,benign
office365,1,1,Microsoft
office365,1,1,Microsoft
facebook,1,1,Facebook
ebay,1,1,eBay
paypal,1,1,PayPal
facebook,1,1,Facebook
office365,1,1,Microsoft
paypal,1,1,PayPal
amazon,1,1,Amazon
paypal,1,1,PayPal
itau unibanco s.a,1,1,Itau Unibanco S.A
dhl,1,1,DHL Airways
paypal,1,1,PayPal
dhl,1,1,DHL Airways
paypal,1,1,PayPal
office365,1,1,Microsoft
paypal,1,1,PayPal
paypal,1,1,PayPal
giffgaff,1,0,benign
office365,1,1,Microsoft
paypal,1,1,PayPal
netflix,1,1,Netflix
netflix,1,0,benign
office365,1,1,Microsoft
paypal,1,1,PayPal
yahoo!,1,1,Yahoo!
paypal,1,1,PayPal
facebook,1,1,Facebook
amazon,1,1,Amazon
office365,1,1,Microsoft
netflix,1,1,Netflix
dhl,1,1,DHL Airways
paypal,1,1,PayPal
ubs ag,1,0,benign
yahoo!,1,1,Yahoo!
dhl,1,1,DHL Airways
paypal,1,0,benign
netflix,1,1,Netflix
office365,1,1,Microsoft
facebook,1,1,Facebook
amazon,1,1,Amazon
rakuten,1,1,Rakuten
paypal,1,1,PayPal
netflix,1,0,benign
paypal,1,1,PayPal
asb bank limited,1,1,ASB Bank Limited
paypal,1,1,PayPal
paypal,1,1,PayPal
office365,1,1,Microsoft
office365,1,1,Microsoft
made-in-china,1,1,Made-In-China
paypal,1,1,PayPal
paypal,1,1,PayPal
office365,1,1,Microsoft
facebook,1,1,Facebook
aol,1,1,AOL
facebook,1,0,benign
yahoo!,1,1,Yahoo!
linkedin corporation,1,1,LinkedIn Corporation
paypal,1,1,PayPal
paypal,1,0,benign
paypal,1,1,PayPal
facebook,1,1,Facebook
paypal,1,1,PayPal
office365,1,1,Microsoft
office365,1,1,Microsoft
office365,1,1,Microsoft
paypal,1,1,PayPal
paypal,1,1,PayPal
itau unibanco s.a,1,1,Itau Unibanco S.A
facebook,1,1,Facebook
paypal,1,1,PayPal
office365,1,1,Microsoft
gov_uk,1,1,Government of the United Kingdom
orange,1,1,Orange
amazon,1,1,Amazon
paypal,1,0,benign
paypal,1,1,PayPal
office365,1,1,Microsoft
yahoo!,1,1,Yahoo!
office365,1,0,benign
facebook,1,1,Facebook
match,1,1,Match
office365,1,1,Microsoft
amazon,1,1,Amazon
asb bank limited,1,1,ASB Bank Limited
paypal,1,1,PayPal
paypal,1,1,PayPal
orange,1,0,benign
paypal,1,1,PayPal
office365,1,0,benign
paypal,1,0,benign
office365,1,1,Microsoft
paypal,1,1,PayPal
paypal,1,1,PayPal
itau unibanco s.a,1,1,Itau Unibanco S.A
amazon,1,1,Amazon
facebook,1,1,Facebook
office365,1,1,Microsoft
paypal,1,1,PayPal
facebook,1,1,Facebook
paypal,1,1,PayPal
paypal,1,1,PayPal
orange,1,1,Orange
amazon,1,1,Amazon
office365,1,1,Microsoft
paypal,1,1,PayPal
amazon,1,1,Amazon
amazon,1,1,Amazon
netflix,1,1,Netflix
amazon,1,1,Amazon
paypal,1,0,benign
facebook,1,1,Facebook
office365,1,1,Microsoft
amazon,1,1,Amazon
match,1,1,Match
office365,1,1,Microsoft
amazon,1,1,Amazon
paypal,1,1,PayPal
paypal,1,1,PayPal
amazon,1,1,Amazon
yahoo!,1,1,Yahoo!
runescape,1,1,RuneScape
steam,1,1,Steam
dhl,1,1,DHL Airways
paypal,1,1,PayPal
itau unibanco s.a,1,1,Itau Unibanco S.A
netflix,1,1,Netflix
paypal,1,1,PayPal
office365,1,1,Microsoft
paypal,1,1,PayPal
netflix,1,0,benign
office365,1,0,benign
linkedin corporation,1,1,LinkedIn Corporation
at&t,1,1,AT&T
paypal,1,1,PayPal
paypal,1,1,PayPal
paypal,1,1,PayPal
amazon,1,1,Amazon
office365,1,0,benign
paypal,1,1,PayPal
rakuten,1,1,Rakuten
ebay,1,1,eBay
rakuten,1,1,Rakuten
at&t,1,1,AT&T
netflix,1,1,Netflix
u.s. bank,1,1,U.S. Bank
paypal,1,1,PayPal
netflix,1,1,Netflix
1&1 ionos,1,0,benign
itau unibanco s.a,1,1,Itau Unibanco S.A
office365,1,0,benign
paypal,1,1,PayPal
facebook,1,1,Facebook
paypal,1,0,benign
office365,1,1,Microsoft
paypal,1,1,PayPal
1&1 ionos,1,1,1&1 Ionos
paypal,1,1,PayPal
paypal,1,1,PayPal
paypal,1,1,PayPal
paypal,1,1,PayPal
netflix,1,1,Netflix
paypal,1,1,PayPal
paypal,1,1,PayPal
office365,1,1,Microsoft
office365,1,1,Microsoft
google,1,1,Google
rakuten,1,1,Rakuten
paypal,1,1,PayPal
paypal,1,1,PayPal
netflix,1,0,benign
paypal,1,1,PayPal
amazon,1,1,Amazon
itau unibanco s.a,1,1,Itau Unibanco S.A
paypal,1,1,PayPal
office365,1,1,Microsoft
paypal,1,1,PayPal
at&t,1,1,AT&T
office365,1,0,benign
office365,1,1,Microsoft
paypal,1,1,PayPal
ebay,1,1,eBay
amazon,1,0,benign
dhl,1,1,DHL Airways
paypal,1,1,PayPal
etisalat,1,1,Etisalat
paypal,1,1,PayPal
netflix,1,1,Netflix
office365,1,1,Microsoft
office365,1,0,benign
paypal,1,1,PayPal
paypal,1,1,PayPal
amazon,1,1,Amazon
vodafone,1,0,benign
office365,1,1,Microsoft
amazon,1,1,Amazon
paypal,1,1,PayPal
u.s. bank,1,1,U.S. Bank
office365,1,1,Microsoft
yahoo!,1,1,Yahoo!
amazon,1,0,benign
dhl,1,1,DHL Airways
netflix,1,1,Netflix
amazon,1,1,Amazon
steam,1,1,Steam
google,1,1,Google
ebay,1,1,eBay
yahoo!,1,1,Yahoo!
paypal,1,1,PayPal
match,1,1,Match
runescape,1,1,RuneScape
paypal,1,1,PayPal
rakuten,1,1,Rakuten
yahoo!,1,1,Yahoo!
office365,1,1,Microsoft
office365,1,1,Microsoft
paypal,1,1,PayPal
national bank of canada,1,1,National Bank of Canada
dhl,1,1,DHL Airways
grupo santander,1,0,benign
rakuten,1,1,Rakuten
navy federal credit union,1,1,Navy Federal Credit Union
american express,1,1,American Express
paypal,1,1,PayPal
orange,1,1,Orange
paypal,1,1,PayPal
dhl,1,0,benign
netflix,1,1,Netflix
paypal,1,1,PayPal
yahoo!,1,1,Yahoo!
paypal,1,1,PayPal
paypal,1,1,PayPal
citrix sharefile,1,1,Citrix ShareFile
office365,1,1,Microsoft
paypal,1,1,PayPal
paypal,1,0,benign
office365,1,1,Microsoft
office365,1,1,Microsoft
netflix,1,1,Netflix
capital_one,1,1,Capital One Financial Corporation
etisalat,1,1,Etisalat
1&1 ionos,1,1,1&1 Ionos
linkedin corporation,1,1,LinkedIn Corporation
runescape,1,0,benign
office365,1,1,Microsoft
netflix,1,1,Netflix
paypal,1,1,PayPal
office365,1,1,Microsoft
runescape,1,1,RuneScape
amazon,1,0,benign
paypal,1,1,PayPal
facebook,1,1,Facebook
dhl,1,1,DHL Airways
netflix,1,1,Netflix
visa international service association,1,1,Visa International Service Association
db,1,1,Deutsche Bank AG
google,1,1,Google
paypal,1,1,PayPal
runescape,1,1,RuneScape
office365,1,1,Microsoft
dhl,1,1,DHL Airways
itau unibanco s.a,1,1,Itau Unibanco S.A
yahoo!,1,1,Yahoo!
paypal,1,1,PayPal
american express,1,0,benign
dhl,1,1,DHL Airways
hsbc bank,1,1,HSBC Bank
amazon,1,1,Amazon
office365,1,1,Microsoft
1&1 ionos,1,1,1&1 Ionos
dhl,1,1,DHL Airways
steam,1,1,Steam
itau unibanco s.a,1,1,Itau Unibanco S.A
office365,1,1,Microsoft
facebook,1,1,Facebook
google,1,1,Google
runescape,1,1,RuneScape
facebook,1,1,Facebook
google,1,1,Google
office365,1,1,Microsoft
office365,1,0,benign
paypal,1,1,PayPal
paypal,1,1,PayPal
office365,1,1,Microsoft
paypal,1,1,PayPal
facebook,1,0,benign
facebook,1,1,Facebook
paypal,1,1,PayPal
paypal,1,1,PayPal
linkedin corporation,1,1,LinkedIn Corporation
orange,1,1,Orange
asb bank limited,1,1,ASB Bank Limited
rakuten,1,1,Rakuten
office365,1,1,Microsoft
ebay,1,1,eBay
paypal,1,1,PayPal
dhl,1,1,DHL Airways
paypal,1,1,PayPal
amazon,1,1,Amazon
facebook,1,1,Facebook
office365,1,0,benign
yahoo!,1,1,Yahoo!
facebook,1,1,Facebook
office365,1,1,Microsoft
paypal,1,1,PayPal
facebook,1,0,benign
linkedin corporation,1,1,LinkedIn Corporation
paypal,1,1,PayPal
asb bank limited,1,1,ASB Bank Limited
facebook,1,1,Facebook
paypal,1,1,PayPal
paypal,1,1,PayPal
office365,1,1,Microsoft
paypal,1,0,benign
paypal,1,1,PayPal
facebook,1,1,Facebook
paypal,1,1,PayPal
office365,1,1,Microsoft
paypal,1,1,PayPal
steam,1,1,Steam
paypal,1,1,PayPal
dhl,1,0,benign
paypal,1,1,PayPal
dhl,1,1,DHL Airways
paypal,1,1,PayPal
amazon,1,1,Amazon
paypal,1,1,PayPal
steam,1,1,Steam
at&t,1,1,AT&T
linkedin corporation,1,1,LinkedIn Corporation
paypal,1,0,benign
yahoo!,1,1,Yahoo!
facebook,1,1,Facebook
international card services b.v,1,1,International Card Services B.V
amazon,1,1,Amazon
paypal,1,1,PayPal
facebook,1,1,Facebook
office365,1,1,Microsoft
google,1,1,Google
vkontakte,1,0,benign
paypal,1,1,PayPal
paypal,1,1,PayPal
paypal,1,1,PayPal
netflix,1,1,Netflix
ebay,1,1,eBay
office365,1,1,Microsoft
paypal,1,1,PayPal
paypal,1,1,PayPal
naver,1,1,Naver
office365,1,1,Microsoft
paypal,1,1,PayPal
paypal,1,1,PayPal
paypal,1,1,PayPal
google,1,0,benign
paypal,1,1,PayPal
paypal,1,1,PayPal
paypal,1,1,PayPal
capital_one,1,1,Capital One Financial Corporation
paypal,1,1,PayPal
runescape,1,1,RuneScape
amazon,1,1,Amazon
paypal,1,1,PayPal
at&t,1,1,AT&T
paypal,1,1,PayPal
paypal,1,1,PayPal
paypal,1,1,PayPal
paypal,1,1,PayPal
linkedin corporation,1,1,LinkedIn Corporation
office365,1,1,Microsoft
paypal,1,1,PayPal
amazon,1,1,Amazon
office365,1,1,Microsoft
orange,1,1,Orange
paypal,1,1,PayPal
linkedin corporation,1,1,LinkedIn Corporation
yahoo!,1,1,Yahoo!
at&t,1,1,AT&T
facebook,1,0,benign
at&t,1,1,AT&T
facebook,1,1,Facebook
netflix,1,1,Netflix
dhl,1,1,DHL Airways
facebook,1,1,Facebook
office365,1,1,Microsoft
u.s. bank,1,1,U.S. Bank
netflix,1,1,Netflix
paypal,1,1,PayPal
paypal,1,1,PayPal
itau unibanco s.a,1,1,Itau Unibanco S.A
paypal,1,1,PayPal
paypal,1,0,benign
paypal,1,1,PayPal
paypal,1,1,PayPal
match,1,1,Match
linkedin corporation,1,1,LinkedIn Corporation
facebook,1,1,Facebook
dhl,1,0,benign
paypal,1,1,PayPal
linkedin corporation,1,1,LinkedIn Corporation
linkedin corporation,1,1,LinkedIn Corporation
office365,1,0,benign
office365,1,1,Microsoft
amazon,1,1,Amazon
office365,1,0,benign
raiffeisen bank s.a,1,0,benign
dhl,1,1,DHL Airways
giffgaff,1,1,Giffgaff
dhl,1,1,DHL Airways
paypal,1,1,PayPal
grupo santander,1,1,Grupo Santander
itau unibanco s.a,1,1,Itau Unibanco S.A
facebook,1,1,Facebook
yahoo!,1,1,Yahoo!
at&t,1,1,AT&T
linkedin corporation,1,1,LinkedIn Corporation
paypal,1,1,PayPal
office365,1,1,Microsoft
yahoo!,1,1,Yahoo!
netflix,1,1,Netflix
1&1 ionos,1,1,1&1 Ionos
paypal,1,1,PayPal
netflix,1,1,Netflix
paypal,1,1,PayPal
paypal,1,1,PayPal
office365,1,0,benign
ebay,1,1,eBay
yahoo!,1,1,Yahoo!
facebook,1,0,benign
visa international service association,1,1,Visa International Service Association
office365,1,1,Microsoft
steam,1,1,Steam
paypal,1,1,PayPal
at&t,1,1,AT&T
office365,1,1,Microsoft
paypal,1,1,PayPal
paypal,1,1,PayPal
office365,1,1,Microsoft
netflix,1,1,Netflix
grupo santander,1,1,Grupo Santander
office365,1,0,benign
paypal,1,1,PayPal
office365,1,1,Microsoft
itau unibanco s.a,1,1,Itau Unibanco S.A
paypal,1,1,PayPal
paypal,1,1,PayPal
facebook,1,1,Facebook
office365,1,0,benign
office365,1,1,Microsoft
facebook,1,1,Facebook
1&1 ionos,1,1,1&1 Ionos
"twitter, inc",1,0,benign
rakuten,1,1,Rakuten
paypal,1,1,PayPal
linkedin corporation,1,1,LinkedIn Corporation
amazon,1,1,Amazon
netflix,1,1,Netflix
office365,1,1,Microsoft
frontier communications,1,1,Frontier Communications
orange,1,1,Orange
office365,1,1,Microsoft
netflix,1,1,Netflix
at&t,1,1,AT&T
grupo santander,1,1,Grupo Santander
u.s. bank,1,1,U.S. Bank
office365,1,1,Microsoft
naver,1,1,Naver
google,1,1,Google
linkedin corporation,1,1,LinkedIn Corporation
amazon,1,1,Amazon
paypal,1,1,PayPal
paypal,1,1,PayPal
paypal,1,1,PayPal
dhl,1,1,DHL Airways
ebay,1,1,eBay
office365,1,0,benign
paypal,1,1,PayPal
paypal,1,1,PayPal
orange,1,1,Orange
linkedin corporation,1,1,LinkedIn Corporation
steam,1,1,Steam
atb financial,1,0,benign
office365,1,0,benign
paypal,1,1,PayPal
paypal,1,1,PayPal
office365,1,1,Microsoft
paypal,1,1,PayPal
itau unibanco s.a,1,1,Itau Unibanco S.A
office365,1,1,Microsoft
paypal,1,1,PayPal
amazon,1,0,benign
gov_uk,1,1,Government of the United Kingdom
netflix,1,1,Netflix
netflix,1,1,Netflix
dhl,1,1,DHL Airways
etisalat,1,1,Etisalat
at&t,1,1,AT&T
paypal,1,1,PayPal
paypal,1,1,PayPal
u.s. bank,1,1,U.S. Bank
linkedin corporation,1,1,LinkedIn Corporation
ebay,1,1,eBay
dhl,1,1,DHL Airways
paypal,1,1,PayPal
office365,1,0,benign
amazon,1,1,Amazon
paypal,1,1,PayPal
match,1,1,Match
office365,1,1,Microsoft
office365,1,0,benign
paypal,1,1,PayPal
itau unibanco s.a,1,1,Itau Unibanco S.A
facebook,1,0,benign
paypal,1,1,PayPal
facebook,1,1,Facebook
ebay,1,1,eBay
paypal,1,0,benign
paypal,1,1,PayPal
dhl,1,1,DHL Airways
runescape,1,1,RuneScape
office365,1,1,Microsoft
office365,1,1,Microsoft
asb bank limited,1,1,ASB Bank Limited
office365,1,1,Microsoft
paypal,1,1,PayPal
paypal,1,1,PayPal
amazon,1,1,Amazon
dhl,1,1,DHL Airways
paypal,1,1,PayPal
paypal,1,1,PayPal
dhl,1,1,DHL Airways
paypal,1,0,benign
dhl,1,1,DHL Airways
paypal,1,1,PayPal
paypal,1,1,PayPal
asb bank limited,1,1,ASB Bank Limited
paypal,1,1,PayPal
paypal,1,1,PayPal
facebook,1,1,Facebook
paypal,1,1,PayPal
netflix,1,1,Netflix
office365,1,1,Microsoft
yahoo!,1,1,Yahoo!
dhl,1,1,DHL Airways
facebook,1,1,Facebook
steam,1,1,Steam
paypal,1,0,benign
office365,1,1,Microsoft
itau unibanco s.a,1,0,benign
amazon,1,1,Amazon
paypal,1,1,PayPal
netflix,1,1,Netflix
paypal,1,1,PayPal
paypal,1,1,PayPal
office365,1,1,Microsoft
paypal,1,1,PayPal
paypal,1,1,PayPal
asb bank limited,1,1,ASB Bank Limited
paypal,1,1,PayPal
visa international service association,1,1,Visa International Service Association
giffgaff,1,1,Giffgaff
u.s. bank,1,1,U.S. Bank
runescape,1,1,RuneScape
fifth third bank,1,0,benign
at&t,1,1,AT&T
gov_uk,1,0,benign
amazon,1,1,Amazon
orange,1,1,Orange
runescape,1,1,RuneScape
amazon,1,1,Amazon
paypal,1,1,PayPal
adp,1,0,benign
at&t,1,1,AT&T
dhl,1,1,DHL Airways
paypal,1,1,PayPal
office365,1,1,Microsoft
paypal,1,1,PayPal
facebook,1,1,Facebook
paypal,1,1,PayPal
paypal,1,1,PayPal
netflix,1,1,Netflix
visa international service association,1,1,Visa International Service Association
rakuten,1,1,Rakuten
amazon,1,1,Amazon
yahoo!,1,1,Yahoo!
paypal,1,1,PayPal
office365,1,1,Microsoft
paypal,1,1,PayPal
amazon,1,1,Amazon
paypal,1,1,PayPal
linkedin corporation,1,1,LinkedIn Corporation
netflix,1,1,Netflix
paypal,1,1,PayPal
amazon,1,1,Amazon
paypal,1,1,PayPal
paypal,1,1,PayPal
paypal,1,1,PayPal
runescape,1,1,RuneScape
office365,1,1,Microsoft
paypal,1,1,PayPal
office365,1,1,Microsoft
paypal,1,1,PayPal
runescape,1,0,benign
itau unibanco s.a,1,1,Itau Unibanco S.A
paypal,1,1,PayPal
yahoo!,1,1,Yahoo!
dhl,1,1,DHL Airways
office365,1,1,Microsoft
dhl,1,1,DHL Airways
vodafone,1,1,Vodafone
facebook,1,0,benign
paypal,1,1,PayPal
netflix,1,1,Netflix
yahoo!,1,1,Yahoo!
dhl,1,1,DHL Airways
paypal,1,1,PayPal
paypal,1,1,PayPal
paypal,1,1,PayPal
paypal,1,1,PayPal
paypal,1,1,PayPal
amazon,1,1,Amazon
dhl,1,1,DHL Airways
1&1 ionos,1,1,1&1 Ionos
paypal,1,1,PayPal
runescape,1,1,RuneScape
paypal,1,1,PayPal
paypal,1,1,PayPal
itau unibanco s.a,1,1,Itau Unibanco S.A
office365,1,1,Microsoft
dhl,1,1,DHL Airways
paypal,1,1,PayPal
paypal,1,1,PayPal
itau unibanco s.a,1,1,Itau Unibanco S.A
office365,1,1,Microsoft
paypal,1,1,PayPal
paypal,1,0,benign
office365,1,1,Microsoft
paypal,1,1,PayPal
office365,1,1,Microsoft
amazon,1,1,Amazon
office365,1,1,Microsoft
1&1 ionos,1,1,1&1 Ionos
paypal,1,0,benign
paypal,1,1,PayPal
linkedin corporation,1,1,LinkedIn Corporation
paypal,1,1,PayPal
paypal,1,1,PayPal
dhl,1,1,DHL Airways
orange,1,0,benign
office365,1,1,Microsoft
netflix,1,1,Netflix
u.s. bank,1,1,U.S. Bank
amazon,1,1,Amazon
match,1,1,Match
office365,1,1,Microsoft
paypal,1,1,PayPal
amazon,1,1,Amazon
at&t,1,1,AT&T
dhl,1,1,DHL Airways
paypal,1,1,PayPal
paypal,1,1,PayPal
paypal,1,1,PayPal
paypal,1,0,benign
paypal,1,1,PayPal
paypal,1,1,PayPal
paypal,1,1,PayPal
office365,1,1,Microsoft
facebook,1,1,Facebook
yahoo!,1,1,Yahoo!
paypal,1,1,PayPal
paypal,1,1,PayPal
ebay,1,1,eBay
facebook,1,1,Facebook
office365,1,1,Microsoft
office365,1,0,benign
dhl,1,1,DHL Airways
paypal,1,1,PayPal
paypal,1,1,PayPal
amazon,1,1,Amazon
made-in-china,1,1,Made-In-China
yahoo!,1,1,Yahoo!
itau unibanco s.a,1,0,benign
linkedin corporation,1,1,LinkedIn Corporation
paypal,1,1,PayPal
amazon,1,1,Amazon
paypal,1,1,PayPal
paypal,1,1,PayPal
asb bank limited,1,1,ASB Bank Limited
paypal,1,1,PayPal
paypal,1,1,PayPal
paypal,1,1,PayPal
office365,1,0,benign
google,1,1,Google
steam,1,1,Steam
paypal,1,1,PayPal
paypal,1,1,PayPal
office365,1,0,benign
dhl,1,1,DHL Airways
rakuten,1,1,Rakuten
paypal,1,1,PayPal
office365,1,1,Microsoft
paypal,1,1,PayPal
paypal,1,1,PayPal
paypal,1,1,PayPal
paypal,1,1,PayPal
paypal,1,1,PayPal
paypal,1,1,PayPal
paypal,1,1,PayPal
office365,1,1,Microsoft
paypal,1,1,PayPal
google,1,1,Google
1&1 ionos,1,0,benign
u.s. bank,1,1,U.S. Bank
paypal,1,1,PayPal
paypal,1,1,PayPal
gmx mail,1,1,GMX Mail
ebay,1,1,eBay
office365,1,1,Microsoft
asb bank limited,1,1,ASB Bank Limited
paypal,1,1,PayPal
paypal,1,1,PayPal
dhl,1,1,DHL Airways
paypal,1,1,PayPal
paypal,1,1,PayPal
paypal,1,1,PayPal
capital_one,1,1,Capital One Financial Corporation
paypal,1,1,PayPal
office365,1,0,benign
raiffeisen bank s.a,1,0,benign
netflix,1,1,Netflix
visa international service association,1,1,Visa International Service Association
paypal,1,1,PayPal
office365,1,1,Microsoft
netflix,1,1,Netflix
linkedin corporation,1,1,LinkedIn Corporation
google,1,1,Google
amazon,1,1,Amazon
paypal,1,1,PayPal
netflix,1,0,benign
facebook,1,1,Facebook
office365,1,1,Microsoft
at&t,1,1,AT&T
paypal,1,1,PayPal
linkedin corporation,1,1,LinkedIn Corporation
hsbc bank,1,1,HSBC Bank
facebook,1,1,Facebook
paypal,1,1,PayPal
office365,1,0,benign
office365,1,1,Microsoft
at&t,1,1,AT&T
netflix,1,1,Netflix
google,1,1,Google
amazon,1,1,Amazon
paypal,1,1,PayPal
amazon,1,1,Amazon
paypal,1,1,PayPal
dhl,1,1,DHL Airways
facebook,1,1,Facebook
paypal,1,1,PayPal
paypal,1,1,PayPal
paypal,1,1,PayPal
amazon,1,1,Amazon
steam,1,1,Steam
paypal,1,1,PayPal
dhl,1,1,DHL Airways
paypal,1,1,PayPal
paypal,1,1,PayPal
dhl,1,1,DHL Airways
international card services b.v,1,1,International Card Services B.V
paypal,1,1,PayPal
office365,1,1,Microsoft
netflix,1,1,Netflix
paypal,1,1,PayPal
linkedin corporation,1,1,LinkedIn Corporation
office365,1,1,Microsoft
dhl,1,1,DHL Airways
paypal,1,1,PayPal
facebook,1,0,benign
facebook,1,1,Facebook
linkedin corporation,1,1,LinkedIn Corporation
paypal,1,1,PayPal
netflix,1,1,Netflix
netflix,1,1,Netflix
dhl,1,1,DHL Airways
linkedin corporation,1,1,LinkedIn Corporation
facebook,1,1,Facebook
netflix,1,1,Netflix
amazon,1,1,Amazon
netflix,1,1,Netflix
ebay,1,1,eBay
paypal,1,1,PayPal
vkontakte,1,0,benign
ebay,1,1,eBay
amazon,1,1,Amazon
google,1,1,Google
netflix,1,1,Netflix
linkedin corporation,1,1,LinkedIn Corporation
"twitter, inc",1,0,benign
paypal,1,1,PayPal
google,1,1,Google
amazon,1,1,Amazon
amazon,1,0,benign
linkedin corporation,1,1,LinkedIn Corporation
facebook,1,1,Facebook
dhl,1,1,DHL Airways
ebay,1,1,eBay
dhl,1,1,DHL Airways
paypal,1,1,PayPal
made-in-china,1,1,Made-In-China
orange,1,1,Orange
office365,1,0,benign
u.s. bank,1,1,U.S. Bank
paypal,1,1,PayPal
paypal,1,1,PayPal
netflix,1,0,benign
amazon,1,1,Amazon
paypal,1,1,PayPal
paypal,1,1,PayPal
orange,1,0,benign
netflix,1,1,Netflix
at&t,1,1,AT&T
paypal,1,1,PayPal
dhl,1,1,DHL Airways
facebook,1,1,Facebook
itau unibanco s.a,1,1,Itau Unibanco S.A
match,1,1,Match
office365,1,1,Microsoft
paypal,1,1,PayPal
dhl,1,1,DHL Airways
1&1 ionos,1,1,1&1 Ionos
paypal,1,1,PayPal
facebook,1,1,Facebook
paypal,1,1,PayPal
facebook,1,1,Facebook
paypal,1,1,PayPal
paypal,1,1,PayPal
office365,1,1,Microsoft
paypal,1,1,PayPal
paypal,1,1,PayPal
yahoo!,1,1,Yahoo!
paypal,1,1,PayPal
paypal,1,1,PayPal
paypal,1,1,PayPal
amazon,1,0,benign
office365,1,1,Microsoft
paypal,1,1,PayPal
itau unibanco s.a,1,1,Itau Unibanco S.A
google,1,1,Google
paypal,1,1,PayPal
paypal,1,1,PayPal
dhl,1,1,DHL Airways
amazon,1,1,Amazon
office365,1,1,Microsoft
facebook,1,0,benign
gov_uk,1,1,Government of the United Kingdom
itau unibanco s.a,1,1,Itau Unibanco S.A
at&t,1,1,AT&T
office365,1,1,Microsoft
google,1,1,Google
dhl,1,1,DHL Airways
linkedin corporation,1,1,LinkedIn Corporation
facebook,1,1,Facebook
dhl,1,1,DHL Airways
office365,1,1,Microsoft
yahoo!,1,1,Yahoo!
office365,1,1,Microsoft
orange,1,0,benign
netflix,1,1,Netflix
facebook,1,1,Facebook
linkedin corporation,1,1,LinkedIn Corporation
paypal,1,1,PayPal
office365,1,1,Microsoft
amazon,1,1,Amazon
rakuten,1,1,Rakuten
paypal,1,1,PayPal
atb financial,1,0,benign
office365,1,0,benign
paypal,1,1,PayPal
office365,1,1,Microsoft
netflix,1,1,Netflix
office365,1,1,Microsoft
dhl,1,1,DHL Airways
linkedin corporation,1,1,LinkedIn Corporation
ebay,1,1,eBay
office365,1,1,Microsoft
netflix,1,1,Netflix
paypal,1,1,PayPal
paypal,1,1,PayPal
paypal,1,1,PayPal
yahoo!,1,1,Yahoo!
paypal,1,1,PayPal
banco de chile,1,0,benign
match,1,0,benign
itau unibanco s.a,1,1,Itau Unibanco S.A
paypal,1,1,PayPal
yahoo!,1,1,Yahoo!
paypal,1,1,PayPal
amazon,1,1,Amazon
paypal,1,0,benign
paypal,1,1,PayPal
linkedin corporation,1,1,LinkedIn Corporation
office365,1,1,Microsoft
linkedin corporation,1,1,LinkedIn Corporation
paypal,1,1,PayPal
match,1,1,Match
paypal,1,1,PayPal
office365,1,0,benign
facebook,1,1,Facebook
at&t,1,1,AT&T
dhl,1,0,benign
google,1,1,Google
itau unibanco s.a,1,1,Itau Unibanco S.A
paypal,1,1,PayPal
facebook,1,1,Facebook
office365,1,1,Microsoft
paypal,1,1,PayPal
paypal,1,1,PayPal
paypal,1,1,PayPal
paypal,1,1,PayPal
runescape,1,0,benign
paypal,1,1,PayPal
office365,1,1,Microsoft
linkedin corporation,1,1,LinkedIn Corporation
ooredoo qsc,1,1,Ooredoo QSC
amazon,1,0,benign
google,1,1,Google
steam,1,1,Steam
office365,1,1,Microsoft
raiffeisen bank s.a,1,0,benign
paypal,1,1,PayPal
paypal,1,1,PayPal
facebook,1,1,Facebook
dhl,1,1,DHL Airways
paypal,1,1,PayPal
amazon,1,0,benign
amazon,1,1,Amazon
netflix,1,1,Netflix
capital_one,1,1,Capital One Financial Corporation
frontier communications,1,1,Frontier Communications
paypal,1,1,PayPal
facebook,1,0,benign
facebook,1,1,Facebook
rakuten,1,1,Rakuten
paypal,1,0,benign
gmx mail,1,1,GMX Mail
paypal,1,1,PayPal
facebook,1,0,benign
office365,1,1,Microsoft
office365,1,1,Microsoft
amazon,1,1,Amazon
visa international service association,1,1,Visa International Service Association
iinet limited,1,1,iiNet Limited
paypal,1,1,PayPal
dhl,1,1,DHL Airways
naver,1,1,Naver
office365,1,1,Microsoft
netflix,1,1,Netflix
netflix,1,1,Netflix
office365,1,1,Microsoft
orange,1,1,Orange
paypal,1,1,PayPal
itau unibanco s.a,1,1,Itau Unibanco S.A
amazon,1,1,Amazon
amazon,1,1,Amazon
rakuten,1,1,Rakuten
google,1,1,Google
paypal,1,0,benign
amazon,1,1,Amazon
netflix,1,0,benign
office365,1,1,Microsoft
paypal,1,0,benign
paypal,1,1,PayPal
paypal,1,1,PayPal
paypal,1,1,PayPal
paypal,1,1,PayPal
facebook,1,0,benign
yahoo!,1,1,Yahoo!
grupo santander,1,0,benign
office365,1,1,Microsoft
office365,1,1,Microsoft
netflix,1,1,Netflix
paypal,1,0,benign
paypal,1,1,PayPal
